"date","bw_alltweets","bw_noRTMT"
2013-01-01,"9758","5158"
2013-01-02,"9018","5337"
2013-01-03,"9129","5373"
2013-01-04,"7528","4728"
2013-01-05,"27258","15782"
2013-01-06,"25161","13029"
2013-01-07,"16005","8848"
2013-01-08,"11391","7033"
2013-01-09,"12710","7388"
2013-01-10,"10019","6315"
2013-01-11,"15863","9352"
2013-01-12,"13774","8742"
2013-01-13,"13798","8604"
2013-01-14,"13356","8770"
2013-01-15,"10530","6914"
2013-01-16,"10732","6675"
2013-01-17,"8001","5582"
2013-01-18,"6579","4648"
2013-01-19,"7885","5052"
2013-01-20,"13152","8077"
2013-01-21,"8815","6178"
2013-01-22,"10452","6764"
2013-01-23,"10412","6465"
2013-01-24,"8236","5479"
2013-01-25,"7563","4936"
2013-01-26,"7891","4713"
2013-01-27,"9874","6447"
2013-01-28,"8658","6269"
2013-01-29,"8590","5875"
2013-01-30,"7774","5455"
2013-01-31,"10951","8171"
2013-02-01,"7969","5597"
2013-02-02,"8266","5546"
2013-02-03,"11216","6853"
2013-02-04,"11297","6549"
2013-02-05,"10702","6348"
2013-02-06,"10341","5998"
2013-02-07,"10245","6583"
2013-02-08,"7451","4965"
2013-02-09,"7787","4850"
2013-02-10,"11590","12188"
2013-02-11,"12653","7786"
2013-02-12,"11872","7765"
2013-02-13,"8586","5895"
2013-02-14,"6982","4498"
2013-02-15,"6643","4579"
2013-02-16,"7651","4473"
2013-02-17,"26008","15349"
2013-02-18,"12819","7667"
2013-02-19,"10746","7137"
2013-02-20,"10455","6340"
2013-02-21,"8029","5561"
2013-02-22,"9522","5628"
2013-02-23,"7790","4808"
2013-02-24,"8227","5478"
2013-02-25,"9833","5693"
2013-02-26,"9539","6082"
2013-02-27,"10296","6182"
2013-02-28,"9883","5866"
2013-03-01,"8299","4907"
2013-03-02,"10242","4995"
2013-03-03,"11761","6368"
2013-03-04,"12255","6368"
2013-03-05,"11560","6965"
2013-03-06,"10331","6573"
2013-03-07,"8939","5494"
2013-03-08,"9202","5896"
2013-03-09,"8482","5169"
2013-03-10,"14648","8135"
2013-03-11,"11348","6114"
2013-03-12,"10762","5577"
2013-03-13,"9302","5557"
2013-03-14,"8528","5185"
2013-03-15,"7211","4326"
2013-03-16,"8755","4316"
2013-03-17,"11762","6803"
2013-03-18,"10952","6572"
2013-03-19,"10830","6114"
2013-03-20,"12516","6796"
2013-03-21,"10644","6276"
2013-03-22,"8533","5090"
2013-03-23,"9976","4897"
2013-03-24,"10973","6093"
2013-03-25,"13400","7209"
2013-03-26,"9715","5862"
2013-03-27,"9036","5106"
2013-03-28,"10303","5607"
2013-03-29,"7725","4405"
2013-03-30,"6728","3757"
2013-03-31,"8834","5507"
2013-04-01,"10133","5788"
2013-04-02,"9623","5718"
2013-04-03,"8768","5711"
2013-04-04,"11292","6340"
2013-04-05,"11497","6529"
2013-04-06,"15182","9370"
2013-04-07,"10949","6769"
2013-04-08,"12001","6969"
2013-04-09,"11764","7385"
2013-04-10,"11671","6975"
2013-04-11,"14088","8712"
2013-04-12,"11519","6253"
2013-04-13,"9538","5220"
2013-04-14,"13443","7750"
2013-04-15,"11398","6979"
2013-04-16,"11926","6788"
2013-04-17,"10697","5959"
2013-04-18,"18021","9477"
2013-04-19,"15495","7536"
2013-04-20,"8083","4338"
2013-04-21,"11255","5607"
2013-04-22,"8796","5572"
2013-04-23,"9135","5575"
2013-04-24,"10403","6425"
2013-04-25,"9879","6258"
2013-04-26,"7053","4702"
2013-04-27,"6484","3889"
2013-04-28,"11711","6226"
2013-04-29,"11024","6081"
2013-04-30,"9943","5984"
2013-05-01,"12538","7490"
2013-05-02,"12508","8047"
2013-05-03,"7537","4563"
2013-05-04,"7450","4319"
2013-05-05,"10104","5649"
2013-05-06,"9588","5840"
2013-05-07,"9665","5589"
2013-05-08,"10434","6474"
2013-05-09,"9402","5916"
2013-05-10,"6457","4088"
2013-05-11,"6598","3734"
2013-05-12,"8501","5168"
2013-05-13,"9936","5726"
2013-05-14,"8509","5056"
2013-05-15,"11755","7032"
2013-05-16,"9493","6079"
2013-05-17,"7011","4181"
2013-05-18,"6998","3815"
2013-05-19,"8579","5147"
2013-05-20,"11564","6264"
2013-05-21,"8876","5290"
2013-05-22,"8577","5377"
2013-05-23,"9775","6006"
2013-05-24,"7362","4371"
2013-05-25,"8318","4210"
2013-05-26,"7795","4272"
2013-05-27,"9343","4954"
2013-05-28,"9778","5357"
2013-05-29,"9031","5279"
2013-05-30,"8281","4710"
2013-05-31,"5781","3740"
2013-06-01,"6359","3905"
2013-06-02,"8896","5278"
2013-06-03,"10170","5937"
2013-06-04,"20765","11301"
2013-06-05,"18342","10931"
2013-06-06,"10662","6881"
2013-06-07,"7452","4625"
2013-06-08,"7867","4625"
2013-06-09,"8818","5355"
2013-06-10,"8968","5837"
2013-06-11,"9329","5727"
2013-06-12,"12013","6671"
2013-06-13,"8871","5338"
2013-06-14,"5857","3789"
2013-06-15,"6042","3613"
2013-06-16,"8169","4624"
2013-06-17,"10168","6011"
2013-06-18,"9365","5818"
2013-06-19,"7733","4871"
2013-06-20,"8642","5335"
2013-06-21,"6877","4010"
2013-06-22,"7093","3851"
2013-06-23,"9398","5554"
2013-06-24,"9765","5522"
2013-06-25,"9309","5902"
2013-06-26,"8418","5097"
2013-06-27,"9731","5850"
2013-06-28,"6757","3952"
2013-06-29,"7326","4067"
2013-06-30,"6686","4274"
2013-07-01,"8570","5154"
2013-07-02,"7771","4905"
2013-07-03,"7083","4318"
2013-07-04,"6829","4161"
2013-07-05,"6616","4266"
2013-07-06,"7110","4188"
2013-07-07,"8574","5526"
2013-07-08,"9712","6211"
2013-07-09,"8636","5512"
2013-07-10,"7843","5281"
2013-07-11,"8896","5001"
2013-07-12,"7006","4565"
2013-07-13,"10107","5938"
2013-07-14,"8504","5088"
2013-07-15,"8824","5418"
2013-07-16,"8581","5182"
2013-07-17,"9168","5270"
2013-07-18,"8063","4606"
2013-07-19,"6850","4232"
2013-07-20,"6614","4064"
2013-07-21,"8153","5067"
2013-07-22,"8799","5173"
2013-07-23,"8171","4731"
2013-07-24,"8453","4647"
2013-07-25,"9255","5396"
2013-07-26,"9818","4525"
2013-07-27,"8893","4591"
2013-07-28,"9279","5226"
2013-07-29,"9402","5262"
2013-07-30,"8766","5039"
2013-07-31,"7609","4702"
2013-08-01,"7404","4447"
2013-08-02,"7077","4225"
2013-08-03,"6354","3919"
2013-08-04,"8176","4605"
2013-08-05,"9158","5559"
2013-08-06,"10403","5828"
2013-08-07,"9711","5849"
2013-08-08,"8840","5054"
2013-08-09,"6450","4024"
2013-08-10,"7380","4112"
2013-08-11,"9156","5087"
2013-08-12,"8965","5633"
2013-08-13,"9957","6048"
2013-08-14,"12156","7016"
2013-08-15,"23563","10712"
2013-08-16,"9083","4765"
2013-08-17,"8244","4550"
2013-08-18,"22287","13373"
2013-08-19,"16864","10925"
2013-08-20,"11316","6994"
2013-08-21,"9237","5765"
2013-08-22,"8350","5125"
2013-08-23,"7702","4700"
2013-08-24,"7386","4485"
2013-08-25,"9001","5672"
2013-08-26,"8828","5244"
2013-08-27,"10076","5835"
2013-08-28,"8866","5617"
2013-08-29,"7722","5026"
2013-08-30,"6565","4030"
2013-08-31,"7364","4383"
2013-09-01,"7311","4357"
2013-09-02,"8507","5100"
2013-09-03,"38337","18018"
2013-09-04,"12371","7604"
2013-09-05,"9672","5928"
2013-09-06,"8228","4727"
2013-09-07,"9666","5457"
2013-09-08,"15049","8215"
2013-09-09,"42989","16823"
2013-09-10,"32286","11765"
2013-09-11,"12858","6566"
2013-09-12,"11178","6740"
2013-09-13,"8383","5071"
2013-09-14,"8097","5046"
2013-09-15,"10142","5965"
2013-09-16,"9738","6110"
2013-09-17,"11073","6993"
2013-09-18,"9898","5540"
2013-09-19,"7575","5177"
2013-09-20,"10734","5082"
2013-09-21,"11762","6598"
2013-09-22,"9858","6562"
2013-09-23,"8716","5495"
2013-09-24,"8904","5723"
2013-09-25,"9860","6458"
2013-09-26,"8180","5259"
2013-09-27,"6691","4013"
2013-09-28,"7187","4530"
2013-09-29,"8926","5705"
2013-09-30,"8634","5451"
2013-10-01,"9121","5865"
2013-10-02,"9030","6004"
2013-10-03,"8227","5085"
2013-10-04,"6214","3977"
2013-10-05,"6138","4244"
2013-10-06,"8553","5361"
2013-10-07,"8621","5833"
2013-10-08,"9090","5385"
2013-10-09,"10882","6451"
2013-10-10,"9130","5708"
2013-10-11,"6467","4254"
2013-10-12,"6405","4218"
2013-10-13,"9992","6088"
2013-10-14,"10084","6242"
2013-10-15,"11455","7742"
2013-10-16,"9327","6033"
2013-10-17,"8017","5453"
2013-10-18,"7262","4863"
2013-10-19,"7461","4794"
2013-10-20,"8629","5233"
2013-10-21,"8972","5434"
2013-10-22,"7711","4854"
2013-10-23,"9677","5057"
2013-10-24,"6619","4343"
2013-10-25,"5579","3679"
2013-10-26,"7868","4782"
2013-10-27,"8542","5308"
2013-10-28,"7633","4994"
2013-10-29,"8776","5751"
2013-10-30,"7401","4581"
2013-10-31,"6921","3934"
2013-11-01,"6702","4245"
2013-11-02,"7626","3817"
2013-11-03,"8390","4626"
2013-11-04,"9913","5630"
2013-11-05,"7297","4894"
2013-11-06,"7141","4465"
2013-11-07,"8565","4462"
2013-11-08,"6032","3269"
2013-11-09,"7582","3715"
2013-11-10,"9798","5523"
2013-11-11,"8332","4846"
2013-11-12,"9630","5118"
2013-11-13,"8369","4794"
2013-11-14,"7878","4663"
2013-11-15,"5359","3440"
2013-11-16,"6417","3850"
2013-11-17,"7069","4414"
2013-11-18,"10095","6373"
2013-11-19,"8835","5672"
2013-11-20,"8580","5709"
2013-11-21,"6911","4736"
2013-11-22,"6339","3759"
2013-11-23,"6326","3820"
2013-11-24,"7755","5003"
2013-11-25,"6863","4519"
2013-11-26,"13385","8512"
2013-11-27,"8507","5919"
2013-11-28,"5403","3595"
2013-11-29,"6521","3784"
2013-11-30,"10354","5592"
2013-12-01,"7504","4946"
2013-12-02,"8180","5167"
2013-12-03,"7710","4692"
2013-12-04,"8060","4933"
2013-12-05,"6906","4542"
2013-12-06,"5760","3442"
2013-12-07,"6344","3944"
2013-12-08,"7343","4660"
2013-12-09,"6904","4808"
2013-12-10,"8066","5344"
2013-12-11,"7289","4527"
2013-12-12,"9420","5412"
2013-12-13,"5612","3657"
2013-12-14,"6292","3580"
2013-12-15,"7707","4893"
2013-12-16,"6747","4425"
2013-12-17,"8349","4503"
2013-12-18,"7195","4832"
2013-12-19,"7513","4864"
2013-12-20,"7319","4382"
2013-12-21,"6972","4504"
2013-12-22,"7423","4573"
2013-12-23,"6967","4175"
2013-12-24,"6282","3585"
2013-12-25,"5363","2933"
2013-12-26,"7534","4066"
2013-12-27,"5172","3365"
2013-12-28,"7108","4389"
2013-12-29,"12680","7284"
2013-12-30,"7794","5099"
2013-12-31,"5889","3617"
2014-01-01,"6631","4353"
2014-01-02,"8767","5244"
2014-01-03,"6872","4058"
2014-01-04,"7276","4769"
2014-01-05,"9981","6061"
2014-01-06,"9450","6181"
2014-01-07,"9432","5955"
2014-01-08,"7170","4760"
2014-01-09,"7675","4670"
2014-01-10,"7711","4228"
2014-01-11,"6621","4282"
2014-01-12,"7636","5043"
2014-01-13,"8329","4753"
2014-01-14,"8872","5323"
2014-01-15,"8757","5592"
2014-01-16,"10494","6087"
2014-01-17,"11022","6308"
2014-01-18,"9672","5533"
2014-01-19,"11800","6258"
2014-01-20,"12195","7194"
2014-01-21,"10045","6117"
2014-01-22,"10633","6125"
2014-01-23,"9832","5816"
2014-01-24,"7906","4994"
2014-01-25,"8307","4937"
2014-01-26,"10351","6079"
2014-01-27,"11182","6319"
2014-01-28,"11924","5643"
2014-01-29,"9621","5801"
2014-01-30,"10416","5688"
2014-01-31,"7627","4384"
2014-02-01,"9114","4497"
2014-02-02,"17471","6913"
2014-02-03,"10140","5788"
2014-02-04,"10645","5990"
2014-02-05,"9706","5241"
2014-02-06,"9270","5054"
2014-02-07,"6285","3868"
2014-02-08,"7023","3903"
2014-02-09,"11887","7361"
2014-02-10,"11413","7089"
2014-02-11,"10694","5652"
2014-02-12,"9777","5292"
2014-02-13,"6935","4434"
2014-02-14,"6161","3894"
2014-02-15,"6433","3939"
2014-02-16,"7154","4426"
2014-02-17,"8204","5217"
2014-02-18,"8830","5536"
2014-02-19,"7712","4911"
2014-02-20,"7405","4845"
2014-02-21,"5916","3876"
2014-02-22,"6646","4045"
2014-02-23,"7898","4982"
2014-02-24,"11471","4921"
2014-02-25,"8758","5328"
2014-02-26,"6937","4583"
2014-02-27,"6849","4314"
2014-02-28,"5576","3367"
2014-03-01,"5328","3613"
2014-03-02,"8116","5021"
2014-03-03,"7726","4956"
2014-03-04,"7760","4871"
2014-03-05,"8592","5452"
2014-03-06,"7628","4992"
2014-03-07,"5997","3860"
2014-03-08,"6725","4103"
2014-03-09,"7105","4676"
2014-03-10,"7648","5025"
2014-03-11,"7907","5081"
2014-03-12,"8048","5113"
2014-03-13,"7852","5345"
2014-03-14,"6530","4200"
2014-03-15,"7073","4496"
2014-03-16,"14896","8332"
2014-03-17,"11547","7032"
2014-03-18,"9252","6310"
2014-03-19,"9672","6012"
2014-03-20,"10340","6484"
2014-03-21,"6498","4210"
2014-03-22,"7376","4367"
2014-03-23,"8047","5279"
2014-03-24,"8493","5567"
2014-03-25,"7710","5119"
2014-03-26,"7977","5336"
2014-03-27,"8704","5109"
2014-03-28,"6985","3799"
2014-03-29,"7631","4017"
2014-03-30,"9071","4702"
2014-03-31,"8394","4712"
2014-04-01,"7728","4820"
2014-04-02,"9645","5456"
2014-04-03,"8308","4662"
2014-04-04,"7457","4382"
2014-04-05,"7243","4022"
2014-04-06,"7461","4790"
2014-04-07,"7503","4719"
2014-04-08,"7217","4849"
2014-04-09,"7084","4539"
2014-04-10,"7250","4551"
2014-04-11,"7625","3919"
2014-04-12,"6627","3665"
2014-04-13,"7346","4414"
2014-04-14,"7983","4894"
2014-04-15,"11602","6262"
2014-04-16,"10903","6946"
2014-04-17,"10898","6749"
2014-04-18,"6583","3937"
2014-04-19,"6221","3656"
2014-04-20,"6770","4087"
2014-04-21,"7643","4704"
2014-04-22,"8575","5022"
2014-04-23,"9218","4845"
2014-04-24,"7703","4815"
2014-04-25,"5337","3467"
2014-04-26,"5890","3640"
2014-04-27,"7246","4585"
2014-04-28,"7977","5017"
2014-04-29,"9113","5362"
2014-04-30,"7625","5131"
2014-05-01,"6762","4386"
2014-05-02,"5522","3538"
2014-05-03,"5310","3435"
2014-05-04,"8417","4581"
2014-05-05,"7182","4655"
2014-05-06,"6646","4408"
2014-05-07,"7043","4659"
2014-05-08,"8424","5506"
2014-05-09,"5777","3711"
2014-05-10,"4796","3122"
2014-05-11,"5710","3814"
2014-05-12,"5791","3984"
2014-05-13,"7161","4778"
2014-05-14,"8134","4685"
2014-05-15,"5282","3598"
2014-05-16,"5039","3416"
2014-05-17,"4910","3284"
2014-05-18,"8594","5269"
2014-05-19,"7771","4580"
2014-05-20,"7376","4663"
2014-05-21,"8592","4883"
2014-05-22,"7697","4799"
2014-05-23,"7673","4433"
2014-05-24,"7698","4231"
2014-05-25,"7497","4087"
2014-05-26,"8713","5300"
2014-05-27,"8291","5091"
2014-05-28,"6709","4344"
2014-05-29,"6472","4044"
2014-05-30,"5393","3507"
2014-05-31,"4724","2826"
2014-06-01,"5416","3192"
2014-06-02,"4885","3064"
2014-06-03,"4619","3172"
2014-06-04,"6628","4070"
2014-06-05,"6494","4149"
2014-06-06,"4717","3069"
2014-06-07,"5579","3425"
2014-06-08,"7276","4660"
2014-06-09,"10966","6255"
2014-06-10,"7533","4630"
2014-06-11,"7659","4671"
2014-06-12,"8908","4646"
2014-06-13,"7525","3417"
2014-06-14,"5844","3440"
2014-06-15,"8103","4660"
2014-06-16,"6871","4204"
2014-06-17,"6759","4249"
2014-06-18,"6776","4286"
2014-06-19,"6098","4005"
2014-06-20,"5866","3378"
2014-06-21,"5213","3211"
2014-06-22,"8172","5415"
2014-06-23,"7591","4768"
2014-06-24,"8134","5070"
2014-06-25,"7236","4436"
2014-06-26,"11198","6699"
2014-06-27,"8005","5402"
2014-06-28,"6095","3709"
2014-06-29,"7951","4473"
2014-06-30,"7288","4712"
2014-07-01,"8801","5261"
2014-07-02,"6973","4452"
2014-07-03,"5482","3663"
2014-07-04,"4618","3033"
2014-07-05,"4910","3374"
2014-07-06,"6295","4256"
2014-07-07,"7406","4810"
2014-07-08,"6832","4462"
2014-07-09,"8870","4815"
2014-07-10,"8232","4992"
2014-07-11,"6586","4113"
2014-07-12,"6233","3649"
2014-07-13,"6517","4159"
2014-07-14,"8724","5399"
2014-07-15,"7286","4658"
2014-07-16,"10844","4955"
2014-07-17,"8352","4609"
2014-07-18,"6358","3911"
2014-07-19,"7374","3887"
2014-07-20,"6623","4052"
2014-07-21,"7096","4568"
2014-07-22,"7379","4780"
2014-07-23,"7146","4630"
2014-07-24,"7223","4507"
2014-07-25,"5947","3910"
2014-07-26,"6352","3830"
2014-07-27,"7384","4287"
2014-07-28,"8201","5175"
2014-07-29,"7602","4997"
2014-07-30,"8182","4923"
2014-07-31,"8181","4743"
2014-08-01,"6195","3738"
2014-08-02,"5715","3455"
2014-08-03,"6355","4114"
2014-08-04,"7874","4731"
2014-08-05,"6955","4444"
2014-08-06,"8482","5131"
2014-08-07,"7672","4248"
2014-08-08,"7669","4442"
2014-08-09,"6794","3987"
2014-08-10,"8117","4594"
2014-08-11,"264919","102959"
2014-08-12,"50432","24926"
2014-08-13,"24933","13834"
2014-08-14,"16647","9884"
2014-08-15,"11675","7181"
2014-08-16,"9698","5646"
2014-08-17,"11641","6779"
2014-08-18,"10419","6177"
2014-08-19,"9025","5353"
2014-08-20,"9455","6315"
2014-08-21,"9219","5862"
2014-08-22,"7946","4831"
2014-08-23,"7169","4227"
2014-08-24,"9763","5991"
2014-08-25,"11628","6259"
2014-08-26,"8768","5439"
2014-08-27,"8725","4859"
2014-08-28,"6785","4110"
2014-08-29,"6206","3797"
2014-08-30,"6113","3527"
2014-08-31,"10741","4037"
2014-09-01,"9757","5518"
2014-09-02,"10458","6186"
2014-09-03,"9236","5710"
2014-09-04,"9636","5887"
2014-09-05,"11585","6748"
2014-09-06,"10876","5993"
2014-09-07,"13000","7582"
2014-09-08,"13183","7390"
2014-09-09,"31985","13443"
2014-09-10,"21825","10164"
2014-09-11,"11292","6139"
2014-09-12,"6444","4047"
2014-09-13,"7069","3962"
2014-09-14,"8717","5255"
2014-09-15,"11087","6241"
2014-09-16,"9190","5768"
2014-09-17,"7953","4765"
2014-09-18,"13122","7073"
2014-09-19,"6192","3880"
2014-09-20,"7155","4223"
2014-09-21,"7316","4681"
2014-09-22,"7181","4604"
2014-09-23,"8427","5659"
2014-09-24,"7279","4096"
2014-09-25,"7817","4818"
2014-09-26,"5250","3377"
2014-09-27,"6759","3560"
2014-09-28,"7983","4882"
2014-09-29,"8386","4938"
2014-09-30,"8488","5364"
2014-10-01,"7832","4791"
2014-10-02,"5983","3817"
2014-10-03,"6910","3223"
2014-10-04,"6947","4015"
2014-10-05,"7044","4575"
2014-10-06,"10063","5152"
2014-10-07,"9606","6068"
2014-10-08,"11205","6598"
2014-10-09,"9047","5557"
2014-10-10,"6852","4078"
2014-10-11,"7271","4352"
2014-10-12,"7470","4628"
2014-10-13,"7317","4590"
2014-10-14,"7464","4894"
2014-10-15,"7562","4463"
2014-10-16,"10743","6468"
2014-10-17,"6650","4063"
2014-10-18,"6048","3696"
2014-10-19,"9185","5968"
2014-10-20,"7285","4510"
2014-10-21,"7450","4936"
2014-10-22,"7796","4966"
2014-10-23,"8445","4806"
2014-10-24,"6401","4170"
2014-10-25,"6838","4242"
2014-10-26,"7749","5052"
2014-10-27,"7158","4602"
2014-10-28,"8958","5358"
2014-10-29,"11257","6331"
2014-10-30,"11505","4233"
2014-10-31,"5410","2902"
2014-11-01,"8224","3779"
2014-11-02,"23660","10828"
2014-11-03,"10549","6235"
2014-11-04,"7991","4915"
2014-11-05,"7021","4265"
2014-11-06,"10525","5925"
2014-11-07,"6284","4030"
2014-11-08,"5874","3509"
2014-11-09,"8954","5396"
2014-11-10,"9624","5329"
2014-11-11,"9887","5476"
2014-11-12,"10548","5549"
2014-11-13,"9043","5360"
2014-11-14,"7000","3530"
2014-11-15,"6994","4143"
2014-11-16,"8246","4400"
2014-11-17,"8314","4995"
2014-11-18,"7653","4713"
2014-11-19,"7210","4411"
2014-11-20,"7001","4365"
2014-11-21,"6152","3521"
2014-11-22,"7227","3792"
2014-11-23,"8012","4904"
2014-11-24,"9048","5130"
2014-11-25,"6068","3649"
2014-11-26,"6663","4091"
2014-11-27,"5264","3094"
2014-11-28,"5969","3556"
2014-11-29,"6364","3872"
2014-11-30,"16833","6476"
2014-12-01,"8452","5244"
2014-12-02,"7459","4878"
2014-12-03,"9057","4832"
2014-12-04,"9117","5483"
2014-12-05,"12795","5805"
2014-12-06,"8804","5036"
2014-12-07,"10053","6191"
2014-12-08,"18957","10360"
2014-12-09,"12033","7498"
2014-12-10,"10497","6726"
2014-12-11,"10246","5570"
2014-12-12,"7964","4288"
2014-12-13,"7130","3901"
2014-12-14,"9306","5354"
2014-12-15,"12631","6139"
2014-12-16,"10449","5108"
2014-12-17,"8222","5298"
2014-12-18,"7250","4868"
2014-12-19,"6702","3938"
2014-12-20,"9282","4815"
2014-12-21,"6596","3691"
2014-12-22,"9437","4033"
2014-12-23,"7644","4048"
2014-12-24,"4686","2772"
2014-12-25,"4271","2731"
2014-12-26,"5864","3702"
2014-12-27,"5711","3425"
2014-12-28,"5905","3618"
2014-12-29,"15754","6848"
2014-12-30,"17798","9366"
2014-12-31,"8024","4492"
2015-01-01,"9583","5707"
2015-01-02,"8537","4666"
2015-01-03,"7618","4243"
2015-01-04,"8148","4715"
2015-01-05,"9170","5146"
2015-01-06,"9835","5789"
2015-01-07,"8028","4190"
2015-01-08,"7789","4298"
2015-01-09,"7780","4307"
2015-01-10,"11988","5913"
2015-01-11,"9568","5491"
2015-01-12,"9687","5652"
2015-01-13,"10721","6927"
2015-01-14,"7963","5128"
2015-01-15,"8125","4396"
2015-01-16,"7061","3923"
2015-01-17,"8049","4304"
2015-01-18,"10865","6468"
2015-01-19,"9934","5675"
2015-01-20,"8829","5193"
2015-01-21,"11295","7193"
2015-01-22,"9748","5795"
2015-01-23,"6148","3664"
2015-01-24,"6603","3936"
2015-01-25,"8403","5315"
2015-01-26,"8059","4511"
2015-01-27,"12483","5683"
2015-01-28,"10750","4756"
2015-01-29,"6061","3875"
2015-01-30,"5142","3461"
2015-01-31,"5300","3369"
2015-02-01,"8948","5092"
2015-02-02,"8551","4861"
2015-02-03,"7610","4729"
2015-02-04,"12944","6457"
2015-02-05,"13202","7838"
2015-02-06,"8954","5731"
2015-02-07,"6736","4257"
2015-02-08,"7498","4929"
2015-02-09,"8917","4317"
2015-02-10,"7333","4387"
2015-02-11,"8795","5409"
2015-02-12,"22470","6674"
2015-02-13,"10241","4155"
2015-02-14,"7047","3664"
2015-02-15,"7636","4163"
2015-02-16,"9997","6390"
2015-02-17,"7758","4974"
2015-02-18,"7429","4724"
2015-02-19,"7631","4783"
2015-02-20,"7918","4653"
2015-02-21,"7297","4609"
2015-02-22,"22502","10054"
2015-02-23,"9654","5893"
2015-02-24,"12397","6971"
2015-02-25,"22933","13704"
2015-02-26,"22081","12081"
2015-02-27,"13039","7212"
2015-02-28,"12020","7949"
2015-03-01,"10968","6525"
2015-03-02,"10620","6618"
2015-03-03,"10090","6589"
2015-03-04,"10286","6234"
2015-03-05,"11054","6930"
2015-03-06,"9543","6116"
2015-03-07,"10191","5930"
2015-03-08,"10102","6990"
2015-03-09,"12264","7846"
2015-03-10,"11547","6711"
2015-03-11,"10965","7454"
2015-03-12,"8190","5515"
2015-03-13,"6715","4379"
2015-03-14,"9452","5738"
2015-03-15,"8869","5204"
2015-03-16,"8604","5537"
2015-03-17,"11078","8017"
2015-03-18,"13313","6780"
2015-03-19,"23889","12191"
2015-03-20,"10303","6440"
2015-03-21,"8014","4254"
2015-03-22,"8175","5086"
2015-03-23,"8130","4862"
2015-03-24,"14694","8239"
2015-03-25,"21864","11567"
2015-03-26,"15487","8704"
2015-03-27,"10219","6175"
2015-03-28,"7429","4088"
2015-03-29,"16791","10784"
2015-03-30,"13325","8510"
2015-03-31,"10012","6130"
2015-04-01,"14752","9688"
2015-04-02,"9355","6119"
2015-04-03,"7838","5008"
2015-04-04,"8470","4767"
2015-04-05,"9829","5951"
2015-04-06,"11974","7262"
2015-04-07,"10182","5534"
2015-04-08,"11318","5010"
2015-04-09,"11213","5708"
2015-04-10,"12097","6228"
2015-04-11,"7893","4940"
2015-04-12,"7703","4843"
2015-04-13,"8365","5554"
2015-04-14,"9501","5832"
2015-04-15,"9878","6186"
2015-04-16,"9696","5500"
2015-04-17,"13472","9262"
2015-04-18,"7969","4505"
2015-04-19,"8671","5008"
2015-04-20,"8467","4964"
2015-04-21,"10228","5274"
2015-04-22,"10267","5556"
2015-04-23,"17621","8720"
2015-04-24,"12273","5745"
2015-04-25,"7745","4656"
2015-04-26,"9528","5192"
2015-04-27,"9846","5008"
2015-04-28,"8847","4655"
2015-04-29,"11185","5882"
2015-04-30,"8909","4923"
2015-05-01,"6436","3750"
2015-05-02,"6828","3856"
2015-05-03,"8073","4627"
2015-05-04,"9140","4958"
2015-05-05,"10282","5779"
2015-05-06,"7638","4726"
2015-05-07,"9408","4861"
2015-05-08,"6595","3487"
2015-05-09,"7097","3596"
2015-05-10,"7780","4734"
2015-05-11,"13341","7035"
2015-05-12,"13156","7262"
2015-05-13,"10165","6621"
2015-05-14,"9281","5886"
2015-05-15,"8057","5224"
2015-05-16,"10265","6684"
2015-05-17,"10132","5359"
2015-05-18,"11641","6641"
2015-05-19,"10323","5665"
2015-05-20,"11342","6315"
2015-05-21,"8670","5153"
2015-05-22,"7657","4703"
2015-05-23,"6353","4198"
2015-05-24,"7699","4045"
2015-05-25,"10613","5864"
2015-05-26,"9401","6119"
2015-05-27,"10910","6748"
2015-05-28,"11310","6172"
2015-05-29,"6968","3988"
2015-05-30,"7025","4140"
2015-05-31,"9924","5825"
2015-06-01,"11220","5562"
2015-06-02,"10275","5893"
2015-06-03,"17480","5719"
2015-06-04,"11181","5489"
2015-06-05,"7660","4174"
2015-06-06,"8054","4065"
2015-06-07,"15692","7659"
2015-06-08,"12868","6791"
2015-06-09,"12074","6777"
2015-06-10,"10762","6188"
2015-06-11,"8354","5201"
2015-06-12,"7423","4150"
2015-06-13,"7378","3891"
2015-06-14,"8972","5123"
2015-06-15,"7326","4271"
2015-06-16,"9230","4521"
2015-06-17,"9337","5510"
2015-06-18,"8196","4419"
2015-06-19,"6674","3601"
2015-06-20,"5155","3215"
2015-06-21,"17653","7925"
2015-06-22,"11979","6620"
2015-06-23,"10505","5995"
2015-06-24,"8552","4640"
2015-06-25,"11549","5968"
2015-06-26,"7108","3737"
2015-06-27,"6189","3614"
2015-06-28,"8059","4731"
2015-06-29,"11105","5533"
2015-06-30,"7490","4458"
2015-07-01,"7241","3905"
2015-07-02,"6498","3888"
2015-07-03,"5442","3465"
2015-07-04,"5674","3525"
2015-07-05,"8250","4933"
2015-07-06,"8654","4855"
2015-07-07,"8581","5056"
2015-07-08,"6907","4080"
2015-07-09,"6857","4057"
2015-07-10,"6202","3932"
2015-07-11,"6550","4104"
2015-07-12,"7709","4827"
2015-07-13,"8066","4757"
2015-07-14,"8620","3870"
2015-07-15,"21920","7056"
2015-07-16,"18282","7926"
2015-07-17,"12315","6418"
2015-07-18,"8738","4651"
2015-07-19,"37302","15079"
2015-07-20,"14997","7128"
2015-07-21,"21544","10558"
2015-07-22,"54591","21392"
2015-07-23,"44199","16132"
2015-07-24,"20625","8666"
2015-07-25,"16062","6861"
2015-07-26,"18321","9387"
2015-07-27,"14838","7734"
2015-07-28,"13211","7044"
2015-07-29,"10134","5805"
2015-07-30,"9936","5392"
2015-07-31,"6972","4151"
2015-08-01,"11490","5516"
2015-08-02,"10568","4565"
2015-08-03,"9471","5548"
2015-08-04,"8948","5261"
2015-08-05,"9939","5651"
2015-08-06,"9374","5177"
2015-08-07,"7139","4041"
2015-08-08,"6849","4290"
2015-08-09,"12532","4827"
2015-08-10,"13009","5521"
2015-08-11,"9450","5210"
2015-08-12,"8664","4847"
2015-08-13,"8134","4487"
2015-08-14,"6836","3790"
2015-08-15,"7633","4833"
2015-08-16,"7156","4361"
2015-08-17,"8865","5224"
2015-08-18,"9119","5851"
2015-08-19,"13318","7447"
2015-08-20,"10735","7081"
2015-08-21,"9866","5969"
2015-08-22,"7409","4680"
2015-08-23,"9431","5770"
2015-08-24,"12468","5360"
2015-08-25,"18111","9857"
2015-08-26,"11566","7237"
2015-08-27,"7400","4921"
2015-08-28,"7697","4401"
2015-08-29,"11425","4947"
2015-08-30,"10381","5794"
2015-08-31,"12572","7351"
2015-09-01,"14053","8545"
2015-09-02,"10236","5774"
2015-09-03,"8844","5007"
2015-09-04,"6778","4159"
2015-09-05,"7625","4177"
2015-09-06,"9938","4925"
2015-09-07,"17914","6248"
2015-09-08,"16578","8811"
2015-09-09,"46813","17468"
2015-09-10,"33816","13032"
2015-09-11,"15654","8468"
2015-09-12,"10409","5828"
2015-09-13,"11205","6009"
2015-09-14,"12030","7022"
2015-09-15,"10753","6527"
2015-09-16,"10249","6423"
2015-09-17,"9791","6130"
2015-09-18,"9203","5709"
2015-09-19,"11818","6662"
2015-09-20,"12800","7061"
2015-09-21,"11529","6622"
2015-09-22,"10747","6584"
2015-09-23,"14763","7823"
2015-09-24,"10301","5903"
2015-09-25,"7550","4824"
2015-09-26,"7313","4490"
2015-09-27,"8318","5129"
2015-09-28,"13148","7687"
2015-09-29,"9359","5589"
2015-09-30,"9490","5427"
2015-10-01,"8871","5732"
2015-10-02,"9892","6059"
2015-10-03,"10450","5674"
2015-10-04,"11898","7584"
2015-10-05,"22402","17783"
2015-10-06,"11874","8008"
2015-10-07,"13533","7704"
2015-10-08,"9005","5155"
2015-10-09,"10309","5886"
2015-10-10,"10403","6074"
2015-10-11,"10860","5887"
2015-10-12,"9155","5303"
2015-10-13,"9474","6018"
2015-10-14,"14012","7235"
2015-10-15,"7720","5195"
2015-10-16,"6502","4393"
2015-10-17,"9572","6857"
2015-10-18,"10740","7583"
2015-10-19,"10434","7016"
2015-10-20,"8933","6261"
2015-10-21,"9994","6883"
2015-10-22,"12843","7370"
2015-10-23,"9334","6007"
2015-10-24,"9371","5827"
2015-10-25,"11953","8166"
2015-10-26,"11317","7403"
2015-10-27,"15441","9018"
2015-10-28,"13683","8233"
2015-10-29,"11423","6192"
2015-10-30,"7850","4989"
2015-10-31,"7244","5109"
2015-11-01,"10939","6447"
2015-11-02,"13885","8236"
2015-11-03,"27345","15526"
2015-11-04,"17035","10171"
2015-11-05,"12698","8233"
2015-11-06,"8963","6099"
2015-11-07,"8907","6104"
2015-11-08,"10633","6321"
2015-11-09,"11025","6026"
2015-11-10,"11266","5361"
2015-11-11,"14543","7728"
2015-11-12,"13724","7937"
2015-11-13,"34572","9493"
2015-11-14,"13307","5853"
2015-11-15,"14024","5746"
2015-11-16,"10969","6150"
2015-11-17,"16702","7582"
2015-11-18,"18224","7614"
2015-11-19,"13509","6595"
2015-11-20,"9224","5233"
2015-11-21,"7852","4477"
2015-11-22,"9273","5996"
2015-11-23,"9089","5892"
2015-11-24,"9601","4718"
2015-11-25,"6004","3517"
2015-11-26,"6708","4261"
2015-11-27,"8551","5568"
2015-11-28,"11721","5558"
2015-11-29,"16127","6517"
2015-11-30,"10678","5843"
2015-12-01,"9850","5458"
2015-12-02,"10101","5874"
2015-12-03,"8882","5341"
2015-12-04,"12117","7005"
2015-12-05,"10406","6524"
2015-12-06,"9014","5656"
2015-12-07,"8651","5285"
2015-12-08,"9289","5424"
2015-12-09,"8474","5131"
2015-12-10,"8654","5428"
2015-12-11,"7253","4346"
2015-12-12,"6834","4261"
2015-12-13,"7510","4864"
2015-12-14,"7549","4795"
2015-12-15,"8410","5206"
2015-12-16,"7860","4430"
2015-12-17,"7886","4292"
2015-12-18,"5653","3253"
2015-12-19,"6057","3241"
2015-12-20,"11787","6692"
2015-12-21,"13237","6664"
2015-12-22,"11674","5588"
2015-12-23,"8134","4100"
2015-12-24,"5483","3338"
2015-12-25,"5946","3701"
2015-12-26,"6981","3677"
2015-12-27,"10167","5425"
2015-12-28,"9179","5190"
2015-12-29,"8828","5503"
2015-12-30,"7346","4388"
2015-12-31,"8695","4636"
2016-01-01,"7049","4488"
2016-01-02,"7194","4135"
2016-01-03,"7946","4486"
2016-01-04,"10175","5406"
2016-01-05,"7916","4574"
2016-01-06,"8914","4984"
2016-01-07,"9038","4961"
2016-01-08,"7029","3708"
2016-01-09,"8909","4917"
2016-01-10,"7794","4594"
2016-01-11,"10739","5852"
2016-01-12,"15766","8436"
2016-01-13,"12627","6786"
2016-01-14,"7513","4431"
2016-01-15,"8915","3780"
2016-01-16,"8927","4603"
2016-01-17,"10154","5076"
2016-01-18,"11711","5864"
2016-01-19,"10867","5696"
2016-01-20,"8824","4988"
2016-01-21,"7215","4060"
2016-01-22,"6594","3723"
2016-01-23,"6139","3363"
2016-01-24,"8566","4948"
2016-01-25,"8409","4711"
2016-01-26,"17665","6902"
2016-01-27,"18934","7867"
2016-01-28,"9983","5397"
2016-01-29,"7557","3837"
2016-01-30,"8852","4744"
2016-01-31,"11641","6812"
2016-02-01,"11309","5161"
2016-02-02,"10338","5588"
2016-02-03,"8564","4360"
2016-02-04,"28281","13339"
2016-02-05,"8979","4520"
2016-02-06,"7307","3913"
2016-02-07,"8314","4994"
2016-02-08,"11127","5709"
2016-02-09,"15777","8233"
2016-02-10,"14390","7772"
2016-02-11,"10506","5871"
2016-02-12,"10583","5438"
2016-02-13,"7030","3359"
2016-02-14,"8837","4237"
2016-02-15,"17337","8687"
2016-02-16,"17610","9349"
2016-02-17,"12619","6829"
2016-02-18,"13239","5818"
2016-02-19,"10432","4055"
2016-02-20,"8397","4563"
2016-02-21,"9560","5095"
2016-02-22,"8740","4883"
2016-02-23,"9588","4528"
2016-02-24,"10889","5678"
2016-02-25,"9076","5236"
2016-02-26,"10722","4928"
2016-02-27,"7799","4413"
2016-02-28,"10645","6336"
2016-02-29,"11345","5612"
2016-03-01,"10226","6011"
2016-03-02,"10071","5859"
2016-03-03,"12302","5109"
2016-03-04,"7000","3594"
2016-03-05,"9739","5815"
2016-03-06,"9746","5734"
2016-03-07,"8692","4994"
2016-03-08,"9661","5750"
2016-03-09,"9425","5563"
2016-03-10,"9946","5894"
2016-03-11,"9699","4737"
2016-03-12,"9078","4158"
2016-03-13,"9329","5263"
2016-03-14,"7953","4689"
2016-03-15,"12706","7047"
2016-03-16,"8696","4882"
2016-03-17,"12875","7235"
2016-03-18,"15382","7769"
2016-03-19,"10461","5335"
2016-03-20,"9054","4938"
2016-03-21,"20989","8517"
2016-03-22,"17148","8743"
2016-03-23,"12929","5957"
2016-03-24,"16779","7268"
2016-03-25,"12276","5798"
2016-03-26,"16253","5648"
2016-03-27,"15328","7192"
2016-03-28,"104426","39442"
2016-03-29,"63615","17473"
2016-03-30,"18889","8081"
2016-03-31,"12213","6081"
2016-04-01,"10186","4861"
2016-04-02,"9421","4872"
2016-04-03,"11766","6081"
2016-04-04,"9651","5210"
2016-04-05,"9751","4839"
2016-04-06,"10763","6022"
2016-04-07,"13931","6946"
2016-04-08,"7493","4393"
2016-04-09,"7752","4256"
2016-04-10,"13038","7478"
2016-04-11,"13290","7132"
2016-04-12,"10977","5911"
2016-04-13,"11914","6856"
2016-04-14,"8835","5218"
2016-04-15,"6834","3903"
2016-04-16,"7229","3760"
2016-04-17,"10505","5799"
2016-04-18,"13721","7151"
2016-04-19,"10341","5509"
2016-04-20,"9809","5422"
2016-04-21,"22471","11226"
2016-04-22,"16078","8181"
2016-04-23,"8587","4554"
2016-04-24,"11015","5667"
2016-04-25,"10326","5875"
2016-04-26,"11323","6309"
2016-04-27,"11422","6334"
2016-04-28,"10350","5682"
2016-04-29,"9110","4378"
2016-04-30,"9553","4615"
2016-05-01,"9468","4788"
2016-05-02,"8534","4450"
2016-05-03,"9611","5430"
2016-05-04,"8545","5169"
2016-05-05,"8611","5047"
2016-05-06,"6616","3788"
2016-05-07,"6278","3354"
2016-05-08,"7668","4074"
2016-05-09,"8862","5136"
2016-05-10,"12078","6916"
2016-05-11,"12829","7277"
2016-05-12,"10573","5510"
2016-05-13,"8929","4622"
2016-05-14,"10034","5852"
2016-05-15,"11048","6670"
2016-05-16,"10100","5818"
2016-05-17,"8695","5048"
2016-05-18,"10626","6641"
2016-05-19,"9146","5781"
2016-05-20,"7741","4710"
2016-05-21,"9951","5095"
2016-05-22,"11159","6605"
2016-05-23,"10318","5734"
2016-05-24,"10987","6632"
2016-05-25,"9199","5617"
2016-05-26,"8034","5048"
2016-05-27,"6319","3736"
2016-05-28,"7881","4369"
2016-05-29,"8581","5353"
2016-05-30,"9109","5558"
2016-05-31,"25621","10175"
2016-06-01,"20748","11065"
2016-06-02,"10708","6190"
2016-06-03,"15371","4512"
2016-06-04,"8058","3870"
2016-06-05,"8039","4577"
2016-06-06,"10010","5737"
2016-06-07,"10306","6328"
2016-06-08,"9937","5707"
2016-06-09,"9330","5209"
2016-06-10,"15130","6523"
2016-06-11,"10927","6285"
2016-06-12,"9658","5598"
2016-06-13,"10546","6174"
2016-06-14,"11139","6545"
2016-06-15,"11674","5918"
2016-06-16,"9199","5335"
2016-06-17,"12301","4291"
2016-06-18,"9177","4409"
2016-06-19,"11561","6495"
2016-06-20,"10401","6445"
2016-06-21,"8857","5354"
2016-06-22,"10483","5131"
2016-06-23,"12052","7064"
2016-06-24,"8167","4361"
2016-06-25,"7702","4528"
2016-06-26,"13619","7520"
2016-06-27,"21290","9002"
2016-06-28,"28109","12709"
2016-06-29,"16189","8878"
2016-06-30,"11944","6476"
2016-07-01,"8864","4686"
2016-07-02,"9562","4833"
2016-07-03,"23089","9982"
2016-07-04,"18363","8443"
2016-07-05,"23054","9842"
2016-07-06,"41987","11276"
2016-07-07,"44438","11715"
2016-07-08,"10518","4756"
2016-07-09,"8322","4385"
2016-07-10,"10009","4332"
2016-07-11,"12103","6283"
2016-07-12,"10086","4894"
2016-07-13,"8947","4998"
2016-07-14,"11335","5464"
2016-07-15,"9242","4459"
2016-07-16,"12916","6524"
2016-07-17,"15323","6390"
2016-07-18,"11571","5049"
2016-07-19,"9054","5002"
2016-07-20,"14628","6292"
2016-07-21,"13281","6068"
2016-07-22,"18423","7874"
2016-07-23,"12737","6710"
2016-07-24,"14821","6836"
2016-07-25,"13276","6471"
2016-07-26,"15412","7255"
2016-07-27,"9669","5082"
2016-07-28,"13932","6026"
2016-07-29,"9312","4556"
2016-07-30,"9443","4646"
2016-07-31,"12111","6940"
2016-08-01,"11938","6454"
2016-08-02,"11103","5981"
2016-08-03,"13145","7036"
2016-08-04,"10938","6474"
2016-08-05,"8872","5137"
2016-08-06,"10942","6367"
2016-08-07,"16535","8829"
2016-08-08,"11232","6656"
2016-08-09,"10898","6215"
2016-08-10,"13671","7368"
2016-08-11,"12271","7789"
2016-08-12,"9427","5527"
2016-08-13,"8519","4966"
2016-08-14,"11833","6240"
2016-08-15,"11547","5648"
2016-08-16,"12936","6560"
2016-08-17,"9618","5046"
2016-08-18,"9017","4745"
2016-08-19,"8479","4468"
2016-08-20,"12529","6388"
2016-08-21,"11870","5721"
2016-08-22,"10442","4795"
2016-08-23,"8507","4403"
2016-08-24,"9028","4549"
2016-08-25,"9371","5510"
2016-08-26,"7587","4166"
2016-08-27,"7874","4184"
2016-08-28,"12204","6711"
2016-08-29,"11456","6148"
2016-08-30,"11164","5036"
2016-08-31,"17275","5472"
2016-09-01,"13303","5693"
2016-09-02,"9550","4475"
2016-09-03,"8096","3989"
2016-09-04,"12086","5370"
2016-09-05,"14835","6657"
2016-09-06,"13164","6415"
2016-09-07,"17513","7867"
2016-09-08,"18587","8341"
2016-09-09,"34211","10053"
2016-09-10,"19757","6634"
2016-09-11,"11101","5492"
2016-09-12,"11572","5775"
2016-09-13,"12067","6097"
2016-09-14,"14596","7179"
2016-09-15,"18120","8304"
2016-09-16,"16701","6355"
2016-09-17,"10147","4585"
2016-09-18,"11331","5456"
2016-09-19,"13602","6557"
2016-09-20,"9836","4905"
2016-09-21,"12818","6584"
2016-09-22,"14177","6485"
2016-09-23,"11466","5525"
2016-09-24,"8350","4528"
2016-09-25,"11314","5975"
2016-09-26,"10304","5947"
2016-09-27,"10127","5392"
2016-09-28,"11231","5438"
2016-09-29,"9908","5110"
2016-09-30,"9267","4284"
2016-10-01,"7222","3885"
2016-10-02,"12926","5553"
2016-10-03,"21996","5863"
2016-10-04,"24596","8736"
2016-10-05,"17314","6551"
2016-10-06,"14829","4934"
2016-10-07,"12055","4755"
2016-10-08,"9422","3806"
2016-10-09,"12010","5475"
2016-10-10,"10967","5084"
2016-10-11,"16112","8043"
2016-10-12,"14492","7920"
2016-10-13,"11705","5616"
2016-10-14,"10607","5079"
2016-10-15,"8832","4138"
2016-10-16,"10398","4854"
2016-10-17,"10868","6100"
2016-10-18,"9621","5384"
2016-10-19,"14271","6079"
2016-10-20,"9150","4345"
2016-10-21,"7719","3612"
2016-10-22,"8858","4269"
2016-10-23,"15120","6084"
2016-10-24,"17741","6156"
2016-10-25,"15397","6272"
2016-10-26,"11222","4779"
2016-10-27,"10980","5960"
2016-10-28,"10984","5184"
2016-10-29,"10846","4206"
2016-10-30,"14159","4969"
2016-10-31,"11560","4845"
2016-11-01,"16101","6026"
2016-11-02,"17223","6748"
2016-11-03,"13491","5788"
2016-11-04,"12552","5592"
2016-11-05,"10134","5165"
2016-11-06,"10610","5736"
2016-11-07,"11459","4770"
2016-11-08,"82913","13800"
2016-11-09,"23079","6077"
2016-11-10,"12959","5615"
2016-11-11,"12204","5152"
2016-11-12,"9955","4493"
2016-11-13,"10734","5015"
2016-11-14,"10001","4807"
2016-11-15,"10027","4590"
2016-11-16,"9756","5086"
2016-11-17,"13545","7650"
2016-11-18,"11802","4736"
2016-11-19,"11239","4059"
2016-11-20,"11484","5163"
2016-11-21,"8584","4386"
2016-11-22,"9111","3917"
2016-11-23,"10346","3933"
2016-11-24,"7113","3318"
2016-11-25,"8065","4005"
2016-11-26,"7249","3655"
2016-11-27,"8379","4316"
2016-11-28,"9302","4586"
2016-11-29,"8853","4421"
2016-11-30,"8485","4129"
2016-12-01,"9406","4585"
2016-12-02,"10774","3806"
2016-12-03,"9093","3597"
2016-12-04,"10088","4786"
2016-12-05,"12422","5661"
2016-12-06,"10495","5320"
2016-12-07,"9800","4942"
2016-12-08,"8904","4682"
2016-12-09,"8062","4266"
2016-12-10,"12143","4743"
2016-12-11,"11297","5151"
2016-12-12,"10441","4666"
2016-12-13,"10187","4849"
2016-12-14,"10015","4974"
2016-12-15,"10086","4635"
2016-12-16,"9885","3623"
2016-12-17,"10105","4649"
2016-12-18,"10149","4887"
2016-12-19,"8579","4294"
2016-12-20,"14097","4676"
2016-12-21,"8774","4479"
2016-12-22,"11209","4220"
2016-12-23,"13327","3970"
2016-12-24,"8437","3587"
2016-12-25,"6117","3657"
2016-12-26,"8557","4557"
2016-12-27,"8702","4740"
2016-12-28,"10632","6240"
2016-12-29,"9070","4727"
2016-12-30,"16169","6639"
2016-12-31,"8723","4359"
2017-01-01,"8807","5108"
2017-01-02,"8014","4360"
2017-01-03,"8768","4528"
2017-01-04,"23831","4980"
2017-01-05,"21870","5373"
2017-01-06,"9505","4181"
2017-01-07,"19253","4768"
2017-01-08,"12887","4593"
2017-01-09,"11809","4997"
2017-01-10,"10428","4562"
2017-01-11,"21076","5114"
2017-01-12,"21061","5203"
2017-01-13,"12247","4318"
2017-01-14,"9807","3970"
2017-01-15,"15963","5450"
2017-01-16,"13236","4929"
2017-01-17,"10728","5096"
2017-01-18,"9817","4774"
2017-01-19,"10284","4196"
2017-01-20,"7902","3877"
2017-01-21,"7306","3736"
2017-01-22,"8571","4445"
2017-01-23,"11276","5695"
2017-01-24,"20114","7391"
2017-01-25,"14025","5958"
2017-01-26,"9437","5133"
2017-01-27,"10190","4840"
2017-01-28,"10574","4349"
2017-01-29,"9030","4754"
2017-01-30,"11299","5895"
2017-01-31,"12263","6027"
2017-02-01,"11173","5885"
2017-02-02,"10831","5069"
2017-02-03,"7818","3990"
2017-02-04,"7593","3698"
2017-02-05,"11886","6533"
2017-02-06,"10936","5455"
2017-02-07,"9106","4786"
2017-02-08,"8603","4744"
2017-02-09,"10129","4528"
2017-02-10,"6536","3529"
2017-02-11,"6721","3494"
2017-02-12,"8621","4603"
2017-02-13,"9183","5323"
2017-02-14,"11287","5592"
2017-02-15,"10862","5525"
2017-02-16,"11744","5499"
2017-02-17,"10857","4202"
2017-02-18,"13851","4225"
2017-02-19,"16123","5788"
2017-02-20,"24120","8431"
2017-02-21,"20364","7500"
2017-02-22,"26990","6238"
2017-02-23,"15665","5343"
2017-02-24,"10644","5029"
2017-02-25,"8145","4068"
2017-02-26,"9778","5083"
2017-02-27,"9836","4648"
2017-02-28,"13190","6843"
2017-03-01,"24890","6177"
2017-03-02,"23875","5340"
2017-03-03,"10992","4909"
2017-03-04,"9178","4930"
2017-03-05,"10067","5808"
2017-03-06,"10763","6026"
2017-03-07,"10308","6382"
2017-03-08,"11658","5995"
2017-03-09,"9427","5306"
2017-03-10,"9258","4429"
2017-03-11,"9507","4275"
2017-03-12,"10009","5911"
2017-03-13,"10390","6020"
2017-03-14,"16549","7337"
2017-03-15,"11919","6079"
2017-03-16,"11049","6137"
2017-03-17,"9757","4781"
2017-03-18,"21014","4942"
2017-03-19,"36765","5939"
2017-03-20,"18632","5785"
2017-03-21,"14567","6237"
2017-03-22,"14630","5720"
2017-03-23,"11747","4986"
2017-03-24,"9842","3966"
2017-03-25,"12937","3891"
2017-03-26,"12677","5310"
2017-03-27,"10444","5228"
2017-03-28,"9044","4653"
2017-03-29,"9365","4873"
2017-03-30,"13004","5283"
2017-03-31,"14370","4448"
2017-04-01,"11292","4097"
2017-04-02,"11975","5792"
2017-04-03,"16723","7347"
2017-04-04,"16938","7258"
2017-04-05,"24311","7225"
2017-04-06,"21711","7594"
2017-04-07,"13136","6255"
2017-04-08,"21581","6266"
2017-04-09,"40166","10963"
2017-04-10,"38103","10933"
2017-04-11,"22260","8910"
2017-04-12,"33312","10160"
2017-04-13,"25233","8621"
2017-04-14,"26402","8075"
2017-04-15,"21591","6067"
2017-04-16,"21403","7975"
2017-04-17,"80889","19764"
2017-04-18,"146287","42030"
2017-04-19,"39801","14979"
2017-04-20,"21893","10471"
2017-04-21,"19024","6585"
2017-04-22,"15747","6015"
2017-04-23,"17266","8038"
2017-04-24,"16326","7776"
2017-04-25,"15119","7360"
2017-04-26,"17764","7759"
2017-04-27,"19376","7412"
2017-04-28,"12140","5523"
2017-04-29,"11740","4841"
2017-04-30,"12968","6020"
2017-05-01,"11956","6066"
2017-05-02,"21777","8639"
2017-05-03,"16417","7189"
2017-05-04,"19016","9093"
2017-05-05,"18889","6304"
2017-05-06,"12845","5407"
2017-05-07,"13115","6795"
2017-05-08,"14330","7540"
2017-05-09,"16156","6572"
2017-05-10,"20209","6816"
2017-05-11,"37723","7501"
2017-05-12,"13592","5979"
2017-05-13,"8969","4410"
2017-05-14,"10141","5341"
2017-05-15,"11128","6291"
2017-05-16,"11014","5841"
2017-05-17,"37814","15358"
2017-05-18,"24318","11579"
2017-05-19,"14834","6527"
2017-05-20,"9633","4873"
2017-05-21,"11245","5493"
2017-05-22,"36590","13437"
2017-05-23,"22907","8582"
2017-05-24,"16310","7339"
2017-05-25,"16104","6897"
2017-05-26,"25713","4694"
2017-05-27,"15306","4147"
2017-05-28,"15469","4588"
2017-05-29,"26893","5932"
2017-05-30,"28593","7316"
2017-05-31,"12936","5730"
2017-06-01,"11237","5304"
2017-06-02,"9667","4091"
2017-06-03,"14051","5168"
2017-06-04,"13853","5592"
2017-06-05,"13001","6262"
2017-06-06,"17099","8106"
2017-06-07,"12761","7032"
2017-06-08,"29093","6641"
2017-06-09,"41372","6527"
2017-06-10,"12434","4570"
2017-06-11,"9713","5194"
2017-06-12,"10468","5761"
2017-06-13,"10178","5168"
2017-06-14,"9123","4758"
2017-06-15,"26808","10855"
2017-06-16,"15895","6366"
2017-06-17,"9742","4209"
2017-06-18,"10970","4830"
2017-06-19,"11937","5804"
2017-06-20,"10717","5988"
2017-06-21,"10097","5462"
2017-06-22,"9752","5114"
2017-06-23,"9340","4345"
2017-06-24,"16701","3668"
2017-06-25,"23978","4229"
2017-06-26,"15760","4631"
2017-06-27,"11128","4443"
2017-06-28,"19407","5873"
2017-06-29,"9025","4789"
2017-06-30,"7281","3991"
2017-07-01,"8514","4198"
2017-07-02,"12699","4960"
2017-07-03,"10958","4921"
2017-07-04,"8556","4215"
2017-07-05,"10038","4919"
2017-07-06,"14738","9752"
2017-07-07,"8788","4440"
2017-07-08,"7778","3432"
2017-07-09,"12770","8818"
2017-07-10,"32251","5582"
2017-07-11,"14000","5375"
2017-07-12,"12075","5331"
2017-07-13,"27573","9132"
2017-07-14,"13853","4845"
2017-07-15,"10232","4281"
2017-07-16,"18576","5196"
2017-07-17,"37235","5594"
2017-07-18,"14863","5084"
2017-07-19,"126703","33566"
2017-07-20,"89611","21736"
2017-07-21,"40158","8822"
2017-07-22,"16274","6016"
2017-07-23,"15941","7206"
2017-07-24,"16170","6456"
2017-07-25,"24229","9552"
2017-07-26,"24823","9491"
2017-07-27,"19012","7593"
2017-07-28,"19560","5325"
2017-07-29,"10812","4299"
2017-07-30,"11897","5711"
2017-07-31,"13567","6380"
2017-08-01,"14221","7179"
2017-08-02,"23932","11762"
2017-08-03,"19175","9697"
2017-08-04,"10470","5632"
2017-08-05,"9800","5561"
2017-08-06,"10035","5161"
2017-08-07,"13045","7112"
2017-08-08,"10764","5784"
2017-08-09,"13051","5782"
2017-08-10,"11573","5431"
2017-08-11,"11299","4896"
2017-08-12,"9295","3822"
2017-08-13,"9354","4348"
2017-08-14,"9832","4341"
2017-08-15,"14724","5665"
2017-08-16,"14249","5055"
2017-08-17,"11479","5393"
2017-08-18,"7249","3789"
2017-08-19,"7766","3435"
2017-08-20,"9456","4544"
2017-08-21,"8061","4152"
2017-08-22,"9676","4955"
2017-08-23,"12484","5308"
2017-08-24,"10999","4853"
2017-08-25,"17270","4548"
2017-08-26,"25845","3794"
2017-08-27,"83313","6727"
2017-08-28,"99496","5646"
2017-08-29,"35147","5735"
2017-08-30,"20709","6061"
2017-08-31,"27001","5849"
2017-09-01,"27347","4780"
2017-09-02,"16747","4178"
2017-09-03,"14026","4518"
2017-09-04,"14832","5387"
2017-09-05,"12721","5515"
2017-09-06,"20218","5946"
2017-09-07,"51914","6618"
2017-09-08,"27114","6360"
2017-09-09,"38669","10007"
2017-09-10,"33937","7767"
2017-09-11,"21340","6776"
2017-09-12,"17588","6577"
2017-09-13,"17398","6880"
2017-09-14,"17660","6564"
2017-09-15,"14864","5858"
2017-09-16,"10652","4533"
2017-09-17,"14010","5924"
2017-09-18,"37151","7678"
2017-09-19,"23041","6153"
2017-09-20,"17822","6505"
2017-09-21,"15282","6708"
2017-09-22,"10666","4587"
2017-09-23,"11018","4624"
2017-09-24,"12634","5451"
2017-09-25,"13207","5227"
2017-09-26,"11505","5031"
2017-09-27,"13413","5215"
2017-09-28,"10152","5007"
2017-09-29,"13440","4395"
2017-09-30,"13203","4060"
2017-10-01,"20681","8286"
2017-10-02,"15094","7932"
2017-10-03,"41306","9276"
2017-10-04,"35380","8503"
2017-10-05,"19958","5573"
2017-10-06,"14426","4708"
2017-10-07,"10838","4366"
2017-10-08,"13555","5598"
2017-10-09,"35925","6147"
2017-10-10,"85859","6112"
2017-10-11,"27014","6037"
2017-10-12,"11217","4525"
2017-10-13,"13877","3759"
2017-10-14,"15704","3856"
2017-10-15,"10789","4492"
2017-10-16,"11889","4948"
2017-10-17,"11117","4867"
2017-10-18,"12644","5353"
2017-10-19,"10930","5367"
2017-10-20,"9116","5029"
2017-10-21,"9331","5146"
2017-10-22,"10202","5324"
2017-10-23,"13153","5435"
2017-10-24,"12819","5781"
2017-10-25,"12035","5630"
2017-10-26,"8954","4770"
2017-10-27,"7769","4399"
2017-10-28,"11479","3908"
2017-10-29,"17283","5926"
2017-10-30,"12251","5889"
2017-10-31,"16043","5715"
2017-11-01,"18751","5890"
2017-11-02,"26920","6110"
2017-11-03,"30456","4353"
2017-11-04,"16200","4506"
2017-11-05,"17013","6739"
2017-11-06,"13719","6658"
2017-11-07,"10640","5478"
2017-11-08,"10657","5415"
2017-11-09,"14018","6047"
2017-11-10,"26936","5158"
2017-11-11,"26072","4172"
2017-11-12,"20953","4847"
2017-11-13,"19915","6245"
2017-11-14,"18312","6235"
2017-11-15,"20952","6888"
2017-11-16,"18680","5817"
2017-11-17,"16392","5080"
2017-11-18,"20524","4706"
2017-11-19,"35339","5582"
2017-11-20,"28235","5986"
2017-11-21,"15966","4961"
2017-11-22,"11741","3794"
2017-11-23,"12020","3388"
2017-11-24,"10154","3882"
2017-11-25,"8952","4106"
2017-11-26,"12603","5523"
2017-11-27,"17702","7765"
2017-11-28,"15050","6176"
2017-11-29,"15393","6381"
2017-11-30,"15786","6732"
2017-12-01,"27277","5512"
2017-12-02,"18630","6040"
2017-12-03,"18410","6040"
2017-12-04,"30874","5800"
2017-12-05,"22793","6979"
2017-12-06,"21496","8482"
2017-12-07,"13592","6010"
2017-12-08,"9616","4796"
2017-12-09,"10623","4604"
2017-12-10,"35684","8070"
2017-12-11,"125218","8923"
2017-12-12,"43201","5785"
2017-12-13,"56357","15148"
2017-12-14,"20646","7299"
2017-12-15,"19214","5017"
2017-12-16,"18925","6333"
2017-12-17,"42968","8803"
2017-12-18,"35052","7832"
2017-12-19,"16781","5804"
2017-12-20,"20469","5232"
2017-12-21,"39075","5035"
2017-12-22,"36701","4205"
2017-12-23,"63318","4166"
2017-12-24,"46626","3722"
2017-12-25,"14390","3694"
2017-12-26,"14944","4706"
2017-12-27,"16845","5929"
2017-12-28,"11526","4579"
2017-12-29,"8794","3645"
2017-12-30,"9341","3854"
2017-12-31,"29360","3770"
2018-01-01,"258517","39567"
2018-01-02,"72090","15882"
2018-01-03,"26424","9085"
2018-01-04,"21231","7530"
2018-01-05,"21270","8695"
2018-01-06,"19020","6710"
2018-01-07,"15474","5544"
2018-01-08,"18035","6362"
2018-01-09,"24354","6788"
2018-01-10,"18890","7689"
2018-01-11,"13471","5373"
2018-01-12,"21167","4888"
2018-01-13,"14904","4896"
2018-01-14,"18089","6908"
2018-01-15,"15222","5805"
2018-01-16,"51862","10509"
2018-01-17,"24454","6238"
2018-01-18,"17421","5514"
2018-01-19,"15205","4491"
2018-01-20,"14798","4386"
2018-01-21,"12513","4752"
2018-01-22,"15436","5110"
2018-01-23,"20230","7454"
2018-01-24,"19811","8358"
2018-01-25,"20215","5852"
2018-01-26,"22930","5605"
2018-01-27,"14345","4472"
2018-01-28,"25447","6981"
2018-01-29,"32473","10691"
2018-01-30,"27086","9101"
2018-01-31,"19282","7045"
2018-02-01,"34793","9778"
2018-02-02,"12965","5046"
2018-02-03,"11986","4728"
2018-02-04,"12562","5286"
2018-02-05,"15933","5343"
2018-02-06,"18413","6032"
2018-02-07,"29983","6365"
2018-02-08,"21308","7507"
2018-02-09,"11783","4920"
2018-02-10,"10511","5022"
2018-02-11,"11364","5121"
2018-02-12,"9825","4940"
2018-02-13,"9660","4763"
2018-02-14,"16114","7377"
2018-02-15,"17070","7430"
2018-02-16,"12071","5617"
2018-02-17,"17065","5398"
2018-02-18,"22879","5314"
2018-02-19,"16572","5974"
2018-02-20,"17005","7646"
2018-02-21,"25382","7818"
2018-02-22,"20802","7590"
2018-02-23,"20956","5849"
2018-02-24,"12207","4544"
2018-02-25,"10869","5186"
2018-02-26,"11547","5247"
2018-02-27,"11501","5500"
2018-02-28,"10928","5514"
2018-03-01,"32842","5842"
2018-03-02,"24575","5070"
2018-03-03,"12828","4465"
2018-03-04,"10087","4994"
2018-03-05,"13215","5555"
2018-03-06,"22122","4961"
2018-03-07,"42885","5440"
2018-03-08,"15816","5201"
2018-03-09,"11184","4032"
2018-03-10,"12169","3901"
2018-03-11,"13509","4642"
2018-03-12,"11381","5119"
2018-03-13,"12410","5245"
2018-03-14,"13637","5700"
2018-03-15,"10973","5250"
2018-03-16,"10525","4469"
2018-03-17,"11574","4585"
2018-03-18,"13750","5826"
2018-03-19,"17719","6336"
2018-03-20,"23321","8091"
2018-03-21,"13851","5748"
2018-03-22,"14236","5101"
2018-03-23,"20858","4882"
2018-03-24,"21060","4919"
2018-03-25,"16779","6071"
2018-03-26,"46809","7132"
2018-03-27,"31846","6058"
2018-03-28,"19405","5845"
2018-03-29,"17326","5758"
2018-03-30,"11648","5112"
2018-03-31,"9117","4249"
2018-04-01,"19467","5147"
2018-04-02,"21299","5908"
2018-04-03,"19222","6768"
2018-04-04,"16686","5660"
2018-04-05,"13060","5394"
2018-04-06,"12609","4500"
2018-04-07,"9627","4132"
2018-04-08,"9488","4517"
2018-04-09,"12613","4938"
2018-04-10,"11332","4921"
2018-04-11,"14229","4885"
2018-04-12,"11290","4782"
2018-04-13,"10219","3717"
2018-04-14,"14952","4935"
2018-04-15,"13465","5277"
2018-04-16,"9925","4462"
2018-04-17,"10569","4590"
2018-04-18,"13386","4964"
2018-04-19,"14881","5209"
2018-04-20,"13392","4162"
2018-04-21,"18042","4805"
2018-04-22,"22486","4979"
2018-04-23,"37038","7126"
2018-04-24,"42604","7405"
2018-04-25,"38550","7254"
2018-04-26,"35145","5666"
2018-04-27,"21449","4268"
2018-04-28,"17879","3874"
2018-04-29,"28864","6431"
2018-04-30,"20712","5942"
2018-05-01,"16194","6030"
2018-05-02,"14566","5175"
2018-05-03,"11830","4994"
2018-05-04,"8730","3734"
2018-05-05,"8369","3807"
2018-05-06,"10248","4739"
2018-05-07,"10627","4585"
2018-05-08,"15459","5235"
2018-05-09,"18370","6188"
2018-05-10,"25303","5789"
2018-05-11,"11761","4236"
2018-05-12,"16949","5910"
2018-05-13,"25904","6897"
2018-05-14,"17692","6240"
2018-05-15,"30488","6879"
2018-05-16,"22248","5816"
2018-05-17,"16112","7246"
2018-05-18,"13673","6158"
2018-05-19,"17183","5379"
2018-05-20,"33262","6159"
2018-05-21,"21401","6479"
2018-05-22,"16851","6294"
2018-05-23,"13055","5542"
2018-05-24,"13147","5079"
2018-05-25,"10894","3878"
2018-05-26,"12449","3748"
2018-05-27,"32832","6380"
2018-05-28,"55063","6373"
2018-05-29,"22651","5834"
2018-05-30,"29679","5567"
2018-05-31,"18258","5532"
2018-06-01,"12061","3797"
2018-06-02,"9784","3256"
2018-06-03,"10350","4476"
2018-06-04,"90270","20618"
2018-06-05,"110874","14514"
2018-06-06,"68038","11438"
2018-06-07,"270431","72378"
2018-06-08,"125737","33125"
2018-06-09,"64223","14598"
2018-06-10,"41441","13336"
2018-06-11,"33086","10253"
2018-06-12,"40309","8292"
2018-06-13,"31349","7976"
2018-06-14,"28423","6834"
2018-06-15,"28023","5330"
2018-06-16,"48005","5519"
2018-06-17,"28295","6351"
2018-06-18,"37836","8162"
2018-06-19,"31523","6654"
2018-06-20,"25441","5893"
2018-06-21,"17439","5282"
2018-06-22,"13813","4632"
2018-06-23,"10071","4192"
2018-06-24,"22180","5542"
2018-06-25,"23146","6960"
2018-06-26,"17020","5986"
2018-06-27,"12840","5120"
2018-06-28,"22011","4765"
2018-06-29,"21609","3689"
2018-06-30,"11724","3643"
2018-07-01,"13665","4333"
2018-07-02,"10758","4768"
2018-07-03,"11644","5180"
2018-07-04,"9709","3507"
2018-07-05,"7314","3137"
2018-07-06,"9121","2963"
2018-07-07,"16154","3499"
2018-07-08,"9060","3220"
2018-07-09,"7844","3585"
2018-07-10,"10031","4094"
2018-07-11,"10242","3531"
2018-07-12,"12179","3371"
2018-07-13,"8435","2825"
2018-07-14,"6049","2603"
2018-07-15,"7578","3125"
2018-07-16,"8481","3212"
2018-07-17,"10678","3434"
2018-07-18,"13264","3219"
2018-07-19,"11935","3567"
2018-07-20,"8506","2768"
2018-07-21,"10632","2720"
2018-07-22,"20330","3394"
2018-07-23,"11421","3938"
2018-07-24,"13691","4667"
2018-07-25,"20571","3677"
2018-07-26,"18923","3324"
2018-07-27,"8864","3134"
2018-07-28,"9968","3511"
2018-07-29,"8647","3508"
2018-07-30,"10114","3886"
2018-07-31,"12211","3754"
2018-08-01,"10024","3363"
2018-08-02,"13501","5180"
2018-08-03,"9621","3265"
2018-08-04,"8580","3054"
2018-08-05,"8816","3407"
2018-08-06,"9310","3172"
2018-08-07,"9884","3520"
2018-08-08,"10176","4540"
2018-08-09,"10758","3496"
2018-08-10,"18886","5880"
2018-08-11,"12229","3453"
2018-08-12,"10416","3365"
2018-08-13,"10630","3572"
2018-08-14,"9492","3807"
2018-08-15,"12187","3764"
2018-08-16,"18703","3633"
2018-08-17,"9456","2882"
2018-08-18,"11169","2817"
2018-08-19,"9821","3620"
2018-08-20,"8823","3872"
2018-08-21,"8934","3628"
2018-08-22,"13059","3859"
2018-08-23,"17299","3589"
2018-08-24,"15968","2903"
2018-08-25,"12435","3143"
2018-08-26,"15451","4690"
2018-08-27,"42099","8535"
2018-08-28,"34538","6155"
2018-08-29,"16468","4501"
2018-08-30,"11151","3848"
2018-08-31,"9720","3148"
2018-09-01,"8328","2914"
2018-09-02,"10453","3526"
2018-09-03,"15019","4955"
2018-09-04,"16208","4436"
2018-09-05,"14306","4470"
2018-09-06,"12778","4988"
2018-09-07,"15737","5450"
2018-09-08,"20386","4680"
2018-09-09,"62463","14600"
2018-09-10,"43983","10097"
2018-09-11,"19083","6072"
2018-09-12,"15536","5594"
2018-09-13,"14639","4827"
2018-09-14,"22680","3729"
2018-09-15,"10512","3380"
2018-09-16,"13001","4613"
2018-09-17,"13947","4364"
2018-09-18,"16371","4320"
2018-09-19,"11551","4228"
2018-09-20,"11993","4262"
2018-09-21,"26092","3311"
2018-09-22,"14604","3202"
2018-09-23,"13171","4214"
2018-09-24,"9446","4254"
2018-09-25,"11031","4687"
2018-09-26,"12605","4858"
2018-09-27,"11438","4210"
2018-09-28,"15352","3220"
2018-09-29,"10648","2864"
2018-09-30,"9784","3292"
2018-10-01,"9440","3405"
2018-10-02,"9314","3477"
2018-10-03,"9231","3655"
2018-10-04,"8599","3603"
2018-10-05,"6736","3061"
2018-10-06,"14957","2769"
2018-10-07,"13819","3184"
2018-10-08,"14970","3718"
2018-10-09,"20875","5392"
2018-10-10,"16812","5097"
2018-10-11,"10667","3499"
2018-10-12,"7708","2571"
2018-10-13,"7143","2501"
2018-10-14,"8052","2941"
2018-10-15,"10325","3470"
2018-10-16,"12756","3339"
2018-10-17,"14022","3310"
2018-10-18,"9684","3043"
2018-10-19,"10820","2573"
2018-10-20,"11966","2355"
2018-10-21,"11497","2828"
2018-10-22,"17724","3306"
2018-10-23,"16884","3337"
2018-10-24,"10375","3314"
2018-10-25,"8417","3249"
2018-10-26,"7227","2656"
2018-10-27,"6926","2524"
2018-10-28,"11636","2973"
2018-10-29,"10557","3180"
2018-10-30,"11369","3171"
2018-10-31,"16170","3400"
2018-11-01,"15835","3711"
2018-11-02,"9940","2814"
2018-11-03,"7323","2394"
2018-11-04,"8164","3179"
2018-11-05,"8895","3502"
2018-11-06,"8981","3085"
2018-11-07,"17140","4112"
2018-11-08,"13087","3664"
2018-11-09,"11825","2915"
2018-11-10,"17985","2844"
2018-11-11,"22874","3365"
2018-11-12,"41726","3626"
2018-11-13,"17591","3706"
2018-11-14,"13079","3505"
2018-11-15,"11528","3372"
2018-11-16,"11787","3528"
2018-11-17,"11309","3403"
2018-11-18,"13099","3943"
2018-11-19,"14204","4163"
2018-11-20,"18445","4389"
2018-11-21,"16571","2823"
2018-11-22,"10356","2570"
2018-11-23,"7549","2490"
2018-11-24,"12196","2459"
2018-11-25,"24332","2927"
2018-11-26,"10919","3282"
2018-11-27,"10963","3696"
2018-11-28,"13453","5046"
2018-11-29,"9876","4035"
2018-11-30,"9455","2801"
2018-12-01,"14083","3422"
2018-12-02,"12308","3583"
2018-12-03,"12503","3844"
2018-12-04,"10404","3374"
2018-12-05,"13183","3414"
2018-12-06,"9252","3073"
2018-12-07,"9032","2439"
2018-12-08,"11376","2469"
2018-12-09,"27828","3514"
2018-12-10,"22370","4424"
2018-12-11,"17223","4369"
2018-12-12,"14767","5110"
2018-12-13,"15766","4781"
2018-12-14,"21781","5967"
2018-12-15,"34912","5603"
2018-12-16,"18974","5241"
2018-12-17,"14600","5097"
2018-12-18,"17758","5153"
2018-12-19,"16914","4357"
2018-12-20,"11318","3522"
2018-12-21,"7911","2646"
2018-12-22,"8286","2899"
2018-12-23,"19354","2941"
2018-12-24,"26602","2307"
2018-12-25,"14965","2707"
2018-12-26,"17817","3288"
2018-12-27,"19110","3379"
2018-12-28,"19387","3180"
2018-12-29,"13361","2995"
2018-12-30,"13845","3477"
2018-12-31,"22624","3327"
2019-01-01,"19955","3333"
2019-01-02,"9721","3451"
2019-01-03,"7147","3296"
2019-01-04,"6537","2897"
2019-01-05,"7306","2870"
2019-01-06,"9666","3795"
2019-01-07,"15222","4400"
2019-01-08,"18479","3582"
2019-01-09,"16011","3390"
2019-01-10,"10689","3523"
2019-01-11,"19310","3223"
2019-01-12,"9367","2739"
2019-01-13,"8930","3356"
2019-01-14,"9145","3623"
2019-01-15,"30608","4284"
2019-01-16,"21121","3944"
2019-01-17,"12856","4064"
2019-01-18,"14926","3742"
2019-01-19,"11882","3750"
2019-01-20,"17396","4371"
2019-01-21,"11396","4022"
2019-01-22,"11846","4741"
2019-01-23,"14687","4368"
2019-01-24,"10905","3893"
2019-01-25,"11108","3319"
2019-01-26,"10107","3171"
2019-01-27,"15445","3444"
2019-01-28,"13375","3342"
2019-01-29,"19714","3785"
2019-01-30,"19845","4057"
2019-01-31,"11980","3642"
2019-02-01,"9540","3503"
2019-02-02,"10904","3186"
2019-02-03,"14374","4321"
2019-02-04,"10803","4276"
2019-02-05,"14073","4711"
2019-02-06,"27818","4085"
2019-02-07,"20805","4004"
2019-02-08,"17612","3135"
2019-02-09,"23910","3469"
2019-02-10,"29474","4773"
2019-02-11,"18734","4337"
2019-02-12,"12259","4272"
2019-02-13,"13399","3839"
2019-02-14,"14244","3632"
2019-02-15,"8502","2918"
2019-02-16,"8434","2938"
2019-02-17,"14343","3209"
2019-02-18,"15990","4567"
2019-02-19,"13776","4059"
2019-02-20,"13350","4018"
2019-02-21,"10862","3350"
2019-02-22,"17718","4248"
2019-02-23,"13436","3140"
2019-02-24,"10421","3791"
2019-02-25,"13275","5574"
2019-02-26,"14240","5668"
2019-02-27,"10499","4536"
2019-02-28,"9634","3863"
2019-03-01,"7448","2994"
2019-03-02,"12888","2898"
2019-03-03,"17290","4066"
2019-03-04,"22791","4576"
2019-03-05,"20898","4822"
2019-03-06,"13920","3927"
2019-03-07,"13254","3501"
2019-03-08,"6934","2778"
2019-03-09,"6261","2777"
2019-03-10,"12365","4517"
2019-03-11,"10565","4014"
2019-03-12,"12649","4627"
2019-03-13,"10678","4051"
2019-03-14,"8758","3864"
2019-03-15,"8728","3775"
2019-03-16,"7754","3403"
2019-03-17,"9727","3931"
2019-03-18,"26818","4880"
2019-03-19,"19843","4430"
2019-03-20,"20868","4835"
2019-03-21,"25183","5184"
2019-03-22,"16944","4527"
2019-03-23,"48357","7667"
2019-03-24,"67416","11945"
2019-03-25,"47099","7422"
2019-03-26,"24102","5253"
2019-03-27,"25296","5033"
2019-03-28,"21523","4418"
2019-03-29,"12765","3462"
2019-03-30,"10290","2893"
2019-03-31,"14318","3963"
2019-04-01,"11802","4117"
2019-04-02,"11667","4113"
2019-04-03,"13504","3911"
2019-04-04,"11828","4407"
2019-04-05,"8703","3132"
2019-04-06,"8579","2802"
2019-04-07,"10944","3875"
2019-04-08,"11446","4708"
2019-04-09,"11964","4452"
2019-04-10,"10269","3953"
2019-04-11,"9968","4447"
2019-04-12,"10324","3650"
2019-04-13,"8614","3106"
2019-04-14,"8944","3622"
2019-04-15,"11734","3619"
2019-04-16,"11789","4637"
2019-04-17,"10041","4159"
2019-04-18,"8174","3268"
2019-04-19,"7103","2733"
2019-04-20,"14416","3098"
2019-04-21,"17379","4219"
2019-04-22,"14738","4537"
2019-04-23,"13272","4844"
2019-04-24,"13379","4787"
2019-04-25,"11548","4089"
2019-04-26,"8196","3228"
2019-04-27,"9499","3085"
2019-04-28,"12270","4396"
2019-04-29,"16875","5640"
2019-04-30,"17036","5055"
2019-05-01,"12764","4297"
2019-05-02,"10349","3921"
2019-05-03,"7525","2921"
2019-05-04,"9311","2945"
2019-05-05,"12111","3827"
2019-05-06,"21885","4504"
2019-05-07,"23517","4416"
2019-05-08,"12456","4219"
2019-05-09,"9524","3658"
2019-05-10,"11125","3011"
2019-05-11,"14110","2710"
2019-05-12,"13530","3716"
2019-05-13,"17252","4037"
2019-05-14,"15576","4973"
2019-05-15,"20147","4794"
2019-05-16,"27558","4711"
2019-05-17,"22928","3555"
2019-05-18,"8213","3016"
2019-05-19,"9391","3619"
2019-05-20,"12653","4164"
2019-05-21,"14569","3768"
2019-05-22,"22116","3614"
2019-05-23,"16823","3635"
2019-05-24,"14277","3069"
2019-05-25,"16283","3002"
2019-05-26,"12952","3150"
2019-05-27,"12391","3610"
2019-05-28,"9355","3781"
2019-05-29,"9264","3903"
2019-05-30,"10812","3662"
2019-05-31,"10235","3393"
2019-06-01,"9476","3078"
2019-06-02,"15164","3269"
2019-06-03,"22102","3679"
2019-06-04,"16345","4562"
2019-06-05,"11699","4184"
2019-06-06,"19894","4241"
2019-06-07,"21224","3354"
2019-06-08,"12620","3294"
2019-06-09,"10760","3291"
2019-06-10,"13711","3621"
2019-06-11,"22564","3768"
2019-06-12,"16478","4360"
2019-06-13,"15218","3958"
2019-06-14,"8685","3408"
2019-06-15,"9149","2691"
2019-06-16,"11740","3566"
2019-06-17,"14013","3959"
2019-06-18,"9862","3853"
2019-06-19,"11058","4586"
2019-06-20,"16299","4000"
2019-06-21,"11017","2681"
2019-06-22,"7573","2898"
2019-06-23,"13235","3485"
2019-06-24,"29327","8183"
2019-06-25,"22702","6852"
2019-06-26,"15309","5241"
2019-06-27,"10607","4335"
2019-06-28,"11280","2800"
2019-06-29,"11704","3366"
2019-06-30,"8850","3857"
2019-07-01,"7100","3174"
2019-07-02,"8056","3117"
2019-07-03,"12546","2832"
2019-07-04,"10046","2506"
2019-07-05,"19832","3053"
2019-07-06,"18341","2973"
2019-07-07,"8827","3259"
2019-07-08,"8634","3835"
2019-07-09,"8355","3663"
2019-07-10,"11881","3302"
2019-07-11,"8055","3009"
2019-07-12,"8338","2831"
2019-07-13,"6580","2766"
2019-07-14,"8266","3432"
2019-07-15,"12237","6007"
2019-07-16,"9115","3909"
2019-07-17,"9379","3672"
2019-07-18,"8924","3159"
2019-07-19,"8989","2794"
2019-07-20,"14620","2621"
2019-07-21,"14517","3247"
2019-07-22,"17940","3597"
2019-07-23,"14207","3314"
2019-07-24,"11947","5980"
2019-07-25,"9375","3984"
2019-07-26,"8729","3388"
2019-07-27,"12121","3296"
2019-07-28,"15164","3870"
2019-07-29,"12907","3804"
2019-07-30,"9826","3820"
2019-07-31,"10856","4177"
2019-08-01,"11043","4529"
2019-08-02,"11053","4094"
2019-08-03,"27277","5479"
2019-08-04,"34929","5972"
2019-08-05,"16906","5105"
2019-08-06,"10318","4238"
2019-08-07,"9499","3880"
2019-08-08,"10753","4463"
2019-08-09,"124153","48070"
2019-08-10,"76669","17852"
2019-08-11,"31333","8717"
2019-08-12,"17681","6845"
2019-08-13,"14106","5176"
2019-08-14,"17685","6964"
2019-08-15,"13384","5914"
2019-08-16,"12172","5244"
2019-08-17,"11130","4266"
2019-08-18,"11898","3988"
2019-08-19,"11637","5194"
2019-08-20,"21506","5466"
2019-08-21,"15885","4384"
2019-08-22,"11820","4699"
2019-08-23,"7879","3508"
2019-08-24,"7499","3718"
2019-08-25,"9099","4289"
2019-08-26,"10828","4162"
2019-08-27,"12025","4151"
2019-08-28,"13283","4553"
2019-08-29,"11429","3931"
2019-08-30,"9683","3199"
2019-08-31,"13844","4736"
2019-09-01,"14233","4114"
2019-09-02,"18239","5093"
2019-09-03,"21720","5549"
2019-09-04,"18911","4923"
2019-09-05,"15779","4912"
2019-09-06,"12820","4492"
2019-09-07,"14132","5214"
2019-09-08,"22695","6769"
2019-09-09,"57220","16022"
2019-09-10,"61574","12935"
2019-09-11,"27655","7352"
2019-09-12,"21581","6757"
2019-09-13,"18413","4848"
2019-09-14,"12110","4163"
2019-09-15,"12077","4718"
2019-09-16,"11248","4979"
2019-09-17,"11753","4747"
2019-09-18,"19897","4804"
2019-09-19,"26335","4989"
2019-09-20,"15350","3602"
2019-09-21,"11632","3305"
2019-09-22,"9869","4401"
2019-09-23,"11661","4856"
2019-09-24,"12030","4618"
2019-09-25,"12205","4499"
2019-09-26,"13010","4498"
2019-09-27,"10022","3555"
2019-09-28,"7273","3094"
2019-09-29,"10942","4163"
2019-09-30,"13053","4550"
2019-10-01,"9282","3791"
2019-10-02,"11292","3814"
2019-10-03,"9733","3661"
2019-10-04,"11397","3003"
2019-10-05,"13527","2930"
2019-10-06,"13286","3540"
2019-10-07,"16156","3733"
2019-10-08,"13266","3798"
2019-10-09,"18469","6840"
2019-10-10,"13238","4546"
2019-10-11,"10239","3091"
2019-10-12,"9272","3208"
2019-10-13,"18815","4945"
2019-10-14,"14032","4385"
2019-10-15,"11942","4922"
2019-10-16,"14156","4687"
2019-10-17,"11256","4267"
2019-10-18,"10793","3701"
2019-10-19,"8703","3347"
2019-10-20,"9163","3759"
2019-10-21,"14015","4067"
2019-10-22,"16584","4294"
2019-10-23,"21157","3976"
2019-10-24,"10804","3289"
2019-10-25,"7534","2757"
2019-10-26,"21367","6722"
2019-10-27,"15176","5574"
2019-10-28,"13580","5628"
2019-10-29,"10536","5174"
2019-10-30,"8736","3905"
2019-10-31,"7267","3323"
2019-11-01,"8787","3012"
2019-11-02,"6964","3003"
2019-11-03,"8016","3527"
2019-11-04,"10863","4120"
2019-11-05,"10546","4139"
2019-11-06,"10653","4233"
2019-11-07,"11415","3885"
2019-11-08,"21221","3399"
2019-11-09,"13323","3700"
2019-11-10,"13767","4420"
2019-11-11,"12789","4477"
2019-11-12,"12574","4415"
2019-11-13,"11791","4921"
2019-11-14,"11586","4781"
2019-11-15,"20555","4244"
2019-11-16,"10267","3767"
2019-11-17,"10517","4224"
2019-11-18,"14519","4802"
2019-11-19,"14422","4956"
2019-11-20,"9072","4104"
2019-11-21,"12549","5131"
2019-11-22,"11442","4100"
2019-11-23,"15629","3864"
2019-11-24,"16937","4179"
2019-11-25,"28299","4109"
2019-11-26,"19681","4149"
2019-11-27,"8241","3078"
2019-11-28,"13251","3281"
2019-11-29,"11220","3299"
2019-11-30,"10103","3165"
2019-12-01,"9959","3518"
2019-12-02,"16500","4207"
2019-12-03,"11449","4321"
2019-12-04,"9948","4425"
2019-12-05,"9286","4213"
2019-12-06,"8100","3205"
2019-12-07,"12317","3464"
2019-12-08,"19107","4004"
2019-12-09,"12150","4028"
2019-12-10,"9775","3791"
2019-12-11,"9920","4428"
2019-12-12,"12514","5440"
2019-12-13,"7386","3195"
2019-12-14,"6917","2903"
2019-12-15,"8745","3548"
2019-12-16,"10597","3578"
2019-12-17,"7970","3436"
2019-12-18,"10796","4500"
2019-12-19,"20260","5679"
2019-12-20,"17457","4137"
2019-12-21,"38609","11930"
2019-12-22,"45642","12820"
2019-12-23,"40558","9345"
2019-12-24,"19965","4378"
2019-12-25,"18703","3925"
2019-12-26,"12411","3715"
2019-12-27,"14831","3524"
2019-12-28,"9246","3558"
2019-12-29,"10646","4073"
2019-12-30,"14221","4051"
2019-12-31,"14752","3303"
2020-01-01,"28468","3863"
2020-01-02,"16220","4241"
2020-01-03,"12965","3737"
2020-01-04,"10400","3876"
2020-01-05,"11901","4267"
2020-01-06,"16958","3854"
2020-01-07,"12106","4210"
2020-01-08,"15868","4311"
2020-01-09,"21954","4059"
2020-01-10,"10835","3265"
2020-01-11,"7983","3201"
2020-01-12,"10499","3959"
2020-01-13,"10454","4023"
2020-01-14,"12795","4303"
2020-01-15,"11885","4752"
2020-01-16,"9821","4229"
2020-01-17,"8020","3698"
2020-01-18,"6976","3243"
2020-01-19,"26791","4029"
2020-01-20,"27673","4068"
2020-01-21,"9929","4439"
2020-01-22,"15647","5738"
2020-01-23,"12991","4471"
2020-01-24,"8697","3134"
2020-01-25,"12509","2788"
2020-01-26,"10334","3440"
2020-01-27,"10682","4540"
2020-01-28,"11414","4446"
2020-01-29,"10652","4431"
2020-01-30,"13240","4678"
2020-01-31,"20831","3343"
2020-02-01,"10492","3136"
2020-02-02,"10540","3403"
2020-02-03,"7607","3255"
2020-02-04,"23963","3568"
2020-02-05,"11825","3449"
2020-02-06,"11054","3364"
2020-02-07,"8309","2918"
2020-02-08,"5604","2495"
2020-02-09,"7547","3236"
2020-02-10,"15296","3571"
2020-02-11,"10569","3841"
2020-02-12,"8615","3813"
2020-02-13,"8145","3499"
2020-02-14,"10587","4173"
2020-02-15,"13815","4136"
2020-02-16,"12065","3800"
2020-02-17,"13620","3973"
2020-02-18,"18950","6246"
2020-02-19,"46233","5225"
2020-02-20,"68527","7328"
2020-02-21,"28112","3737"
2020-02-22,"22906","4940"
2020-02-23,"14989","4344"
2020-02-24,"14730","4596"
2020-02-25,"11992","4383"
2020-02-26,"13196","3989"
2020-02-27,"21107","3364"
2020-02-28,"18228","2736"
2020-02-29,"9231","2504"
2020-03-01,"15809","3023"
2020-03-02,"16582","3248"
2020-03-03,"8113","3258"
2020-03-04,"8719","3729"
2020-03-05,"9680","3601"
2020-03-06,"8312","3108"
2020-03-07,"6146","3054"
2020-03-08,"10318","4003"
2020-03-09,"8987","3567"
2020-03-10,"7085","3601"
2020-03-11,"30008","5457"
2020-03-12,"16308","3674"
2020-03-13,"6570","2613"
2020-03-14,"10126","2650"
2020-03-15,"11847","3140"
2020-03-16,"9003","3216"
2020-03-17,"6807","3110"
2020-03-18,"9821","2947"
2020-03-19,"9533","2992"
2020-03-20,"6443","2731"
2020-03-21,"29067","3190"
2020-03-22,"21447","3591"
2020-03-23,"16193","5663"
2020-03-24,"16549","5287"
2020-03-25,"10392","3848"
2020-03-26,"8084","3264"
2020-03-27,"6890","3004"
2020-03-28,"8491","3256"
2020-03-29,"9492","4118"
2020-03-30,"12586","3550"
2020-03-31,"16908","3769"
2020-04-01,"7947","3637"
2020-04-02,"7953","3541"
2020-04-03,"13185","3470"
2020-04-04,"11372","3475"
2020-04-05,"8358","3448"
2020-04-06,"9286","3826"
2020-04-07,"7761","3773"
2020-04-08,"13373","4081"
2020-04-09,"8027","3431"
2020-04-10,"7457","3456"
2020-04-11,"8717","3246"
2020-04-12,"7990","3372"
2020-04-13,"9285","3579"
2020-04-14,"7080","3589"
2020-04-15,"8400","4299"
2020-04-16,"8029","4115"
2020-04-17,"11923","3879"
2020-04-18,"7156","3599"
2020-04-19,"7680","3781"
2020-04-20,"9938","3946"
2020-04-21,"12065","4196"
2020-04-22,"9746","4212"
2020-04-23,"10054","4713"
2020-04-24,"7310","3619"
2020-04-25,"7158","3253"
2020-04-26,"14687","4728"
2020-04-27,"32274","8794"
2020-04-28,"13608","4711"
2020-04-29,"12455","4668"
2020-04-30,"12666","4020"
2020-05-01,"11716","3697"
2020-05-02,"7833","3628"
2020-05-03,"8951","3705"
2020-05-04,"9165","4371"
2020-05-05,"14026","5222"
2020-05-06,"14957","4681"
2020-05-07,"8553","3819"
2020-05-08,"8447","3331"
2020-05-09,"11584","3112"
2020-05-10,"11767","4055"
2020-05-11,"8271","4194"
2020-05-12,"9374","4132"
2020-05-13,"19284","4545"
2020-05-14,"13807","4346"
2020-05-15,"7515","3300"
2020-05-16,"8750","3079"
2020-05-17,"7178","3496"
2020-05-18,"8525","4168"
2020-05-19,"14026","4601"
2020-05-20,"10189","4253"
2020-05-21,"17637","4669"
2020-05-22,"15554","5099"
2020-05-23,"9972","4245"
2020-05-24,"12320","4409"
2020-05-25,"42661","5234"
2020-05-26,"25757","4211"
2020-05-27,"16588","4829"
2020-05-28,"9690","4001"
2020-05-29,"8808","3341"
2020-05-30,"38074","9393"
2020-05-31,"22794","4317"
2020-06-01,"23434","4014"
2020-06-02,"36823","4619"
2020-06-03,"79819","4567"
2020-06-04,"133301","4942"
2020-06-05,"73601","4406"
2020-06-06,"47699","3653"
2020-06-07,"31164","3978"
2020-06-08,"15387","4153"
2020-06-09,"17191","3843"
2020-06-10,"10361","3558"
2020-06-11,"63799","7008"
2020-06-12,"164180","8358"
2020-06-13,"68407","7741"
2020-06-14,"108878","6764"
2020-06-15,"74596","12016"
2020-06-16,"70643","7560"
2020-06-17,"64423","8249"
2020-06-18,"59547","5522"
2020-06-19,"71722","5778"
2020-06-20,"47279","5320"
2020-06-21,"34395","4966"
2020-06-22,"70899","10472"
2020-06-23,"38881","6260"
2020-06-24,"22165","6358"
2020-06-25,"22835","6899"
2020-06-26,"10730","5068"
2020-06-27,"8647","4219"
2020-06-28,"11086","4908"
2020-06-29,"16383","4854"
2020-06-30,"27311","5842"
2020-07-01,"116339","19232"
2020-07-02,"94402","11837"
2020-07-03,"62685","6358"
2020-07-04,"32997","4924"
2020-07-05,"26899","7449"
2020-07-06,"31690","6457"
2020-07-07,"23501","6764"
2020-07-08,"17064","6937"
2020-07-09,"24970","9843"
2020-07-10,"15429","5747"
2020-07-11,"16717","4776"
2020-07-12,"29828","6763"
2020-07-13,"16896","5842"
2020-07-14,"14859","5100"
2020-07-15,"11274","4447"
2020-07-16,"49721","6773"
2020-07-17,"26329","4639"
2020-07-18,"11769","4135"
2020-07-19,"16347","6394"
2020-07-20,"22301","6109"
2020-07-21,"16730","5313"
2020-07-22,"13675","4374"
2020-07-23,"10134","4335"
2020-07-24,"10416","3909"
2020-07-25,"11141","3523"
2020-07-26,"11153","3938"
2020-07-27,"12946","4424"
2020-07-28,"12654","4907"
2020-07-29,"12778","5523"
2020-07-30,"11939","4990"
2020-07-31,"8494","3777"
2020-08-01,"7374","3471"
2020-08-02,"8583","3697"
2020-08-03,"10392","4140"
2020-08-04,"12407","4398"
2020-08-05,"21224","5439"
2020-08-06,"15314","4529"
2020-08-07,"10140","3484"
2020-08-08,"12187","3621"
2020-08-09,"13242","3705"
2020-08-10,"12891","4926"
2020-08-11,"12241","4214"
2020-08-12,"9086","4082"
2020-08-13,"15122","5070"
2020-08-14,"8998","3904"
2020-08-15,"9937","3207"
2020-08-16,"9123","3490"
2020-08-17,"8547","3741"
2020-08-18,"10627","3804"
2020-08-19,"9236","4063"
2020-08-20,"12095","4362"
2020-08-21,"10595","3786"
2020-08-22,"9723","3607"
2020-08-23,"12126","4205"
2020-08-24,"10865","4423"
2020-08-25,"21327","4167"
2020-08-26,"29246","7921"
2020-08-27,"11424","4564"
2020-08-28,"24127","4206"
2020-08-29,"9143","3427"
2020-08-30,"9703","4132"
2020-08-31,"17007","5924"
2020-09-01,"59229","6056"
2020-09-02,"35741","6985"
2020-09-03,"26362","5493"
2020-09-04,"30173","4317"
2020-09-05,"26227","4836"
2020-09-06,"23183","5938"
2020-09-07,"35385","7498"
2020-09-08,"28242","7124"
2020-09-09,"51700","15200"
2020-09-10,"56639","11198"
2020-09-11,"36089","5098"
2020-09-12,"13937","4506"
2020-09-13,"11668","5364"
2020-09-14,"11763","5731"
2020-09-15,"10839","5173"
2020-09-16,"10941","4747"
2020-09-17,"9578","4236"
2020-09-18,"7247","3346"
2020-09-19,"8424","3464"
2020-09-20,"21370","6784"
2020-09-21,"32887","5241"
2020-09-22,"19701","5436"
2020-09-23,"12332","5185"
2020-09-24,"11369","4487"
2020-09-25,"8181","3644"
2020-09-26,"9263","3631"
2020-09-27,"43163","9252"
2020-09-28,"23161","5422"
2020-09-29,"11054","4623"
2020-09-30,"9060","4078"
2020-10-01,"10792","4045"
2020-10-02,"20578","3970"
2020-10-03,"12434","3375"
2020-10-04,"9962","4099"
2020-10-05,"11494","4734"
2020-10-06,"9850","4200"
2020-10-07,"7561","3728"
2020-10-08,"10550","3519"
2020-10-09,"26226","4369"
2020-10-10,"20505","3676"
2020-10-11,"18647","4541"
2020-10-12,"10258","3556"
2020-10-13,"14448","3560"
2020-10-14,"11423","3646"
2020-10-15,"8114","3519"
2020-10-16,"11420","3559"
2020-10-17,"12557","3619"
2020-10-18,"12206","3624"
2020-10-19,"13429","4078"
2020-10-20,"11560","4578"
2020-10-21,"9013","3746"
2020-10-22,"9026","4385"
2020-10-23,"7457","3301"
2020-10-24,"7758","3949"
2020-10-25,"8291","3747"
2020-10-26,"10393","4338"
2020-10-27,"7990","4188"
2020-10-28,"8542","3743"
2020-10-29,"7899","3657"
2020-10-30,"6659","2954"
2020-10-31,"5954","2736"
2020-11-01,"7933","3639"
2020-11-02,"7288","3232"
2020-11-03,"13015","5112"
2020-11-04,"7646","3408"
2020-11-05,"8695","4042"
2020-11-06,"8882","3243"
2020-11-07,"6000","2950"
2020-11-08,"8935","3369"
2020-11-09,"9815","3840"
2020-11-10,"14346","5030"
2020-11-11,"70195","34672"
2020-11-12,"44040","20631"
2020-11-13,"11177","5547"
2020-11-14,"7715","4062"
2020-11-15,"9186","4850"
2020-11-16,"10390","4733"
2020-11-17,"10387","5367"
2020-11-18,"16694","5251"
2020-11-19,"14348","4942"
2020-11-20,"14687","4679"
2020-11-21,"15752","3582"
2020-11-22,"10006","4151"
2020-11-23,"8382","4069"
2020-11-24,"13318","4548"
2020-11-25,"10329","4061"
2020-11-26,"7074","3239"
2020-11-27,"6016","3270"
2020-11-28,"8029","4487"
2020-11-29,"8132","4345"
2020-11-30,"7985","4287"
2020-12-01,"8201","4101"
2020-12-02,"8547","4419"
2020-12-03,"16244","4246"
2020-12-04,"11924","3532"
2020-12-05,"11109","3269"
2020-12-06,"13712","4369"
2020-12-07,"10623","4071"
2020-12-08,"11975","4787"
2020-12-09,"8048","4131"
2020-12-10,"6907","4093"
2020-12-11,"6316","3628"
2020-12-12,"6684","3686"
2020-12-13,"6850","3654"
2020-12-14,"7290","3974"
2020-12-15,"6998","3965"
2020-12-16,"8526","4261"
2020-12-17,"7840","3906"
2020-12-18,"8359","3311"
2020-12-19,"6625","3129"
2020-12-20,"9784","3374"
2020-12-21,"19563","4120"
2020-12-22,"9558","3518"
2020-12-23,"7940","3659"
2020-12-24,"6657","3018"
2020-12-25,"8571","3605"
2020-12-26,"10888","4841"
2020-12-27,"19926","6525"
2020-12-28,"34748","4619"
2020-12-29,"29501","4735"
2020-12-30,"23660","4624"
2020-12-31,"24732","3169"
2021-01-01,"10740","3201"
2021-01-02,"22604","3544"
2021-01-03,"20892","5053"
2021-01-04,"14597","6098"
2021-01-05,"15596","8111"
2021-01-06,"13240","6526"
2021-01-07,"9337","4864"
2021-01-08,"8796","4004"
2021-01-09,"24223","7847"
2021-01-10,"28592","6613"
2021-01-11,"17802","4522"
2021-01-12,"26753","6908"
2021-01-13,"11046","4693"
2021-01-14,"9488","4073"
2021-01-15,"10026","3969"
2021-01-16,"9091","4012"
2021-01-17,"7295","3356"
2021-01-18,"9500","3464"
2021-01-19,"8466","3326"
2021-01-20,"12603","4343"
2021-01-21,"12683","4213"
2021-01-22,"12962","3516"
2021-01-23,"8817","3621"
2021-01-24,"14119","4289"
2021-01-25,"14570","4265"
2021-01-26,"17841","5946"
2021-01-27,"30659","7375"
2021-01-28,"14406","4560"
2021-01-29,"8870","3767"
2021-01-30,"8120","3543"
2021-01-31,"13550","4945"
2021-02-01,"11810","4687"
2021-02-02,"18354","5048"
2021-02-03,"22498","6389"
2021-02-04,"10291","5000"
2021-02-05,"9175","4128"
2021-02-06,"10279","3887"
2021-02-07,"10973","4299"
2021-02-08,"12387","5337"
2021-02-09,"11357","4476"
2021-02-10,"11122","4768"
2021-02-11,"18546","5558"
2021-02-12,"9973","4339"
2021-02-13,"7918","3461"
2021-02-14,"10470","3906"
2021-02-15,"11833","4471"
2021-02-16,"12956","3991"
2021-02-17,"10187","4368"
2021-02-18,"8694","4032"
2021-02-19,"6615","3179"
2021-02-20,"15344","3116"
2021-02-21,"14026","3712"
2021-02-22,"13423","4713"
2021-02-23,"9520","3726"
2021-02-24,"16385","6196"
2021-02-25,"23619","5715"
2021-02-26,"8508","3328"
2021-02-27,"10215","3152"
2021-02-28,"22565","3543"
2021-03-01,"11787","4390"
2021-03-02,"10495","4783"
2021-03-03,"8804","4007"
2021-03-04,"7743","3910"
2021-03-05,"7222","3310"
2021-03-06,"6372","2976"
2021-03-07,"66324","11716"
2021-03-08,"36299","6996"
2021-03-09,"19057","5925"
2021-03-10,"14149","5182"
2021-03-11,"13897","4090"
2021-03-12,"17399","3494"
2021-03-13,"17438","3316"
2021-03-14,"10062","3920"
2021-03-15,"15027","4163"
2021-03-16,"10238","3657"
2021-03-17,"10569","3923"
2021-03-18,"9189","3531"
2021-03-19,"7357","2948"
2021-03-20,"11258","3598"
2021-03-21,"15318","4056"
2021-03-22,"20791","5036"
2021-03-23,"22205","5200"
2021-03-24,"15567","5394"
2021-03-25,"9294","4173"
2021-03-26,"6587","3121"
2021-03-27,"8836","3581"
2021-03-28,"10238","3914"
2021-03-29,"11831","4926"
2021-03-30,"510","211"
